gene_id,log2FoldChange,pvalue,padj,Regulation
Q0045,4.541325,1.583788e-6,1.723092e-5,Upregulated
Q0070,8.390871,2.6598959999999996e-102,8.104703e-99,Upregulated
Q0250,1.533806,1.132719e-6,1.290241e-5,Upregulated
Q0255,3.536816,1.6970940000000002e-17,1.814402e-15,Upregulated
YAL005C,1.245658,1.253947e-4,7.595975e-4,Upregulated
YAL009W,0.9954282,0.01312301,0.03670107,Upregulated
YAL011W,1.591879,2.618026e-15,2.099243e-13,Upregulated
YAL013W,0.7862232,1.171631e-4,7.175796e-4,Upregulated
YAL019W,1.062534,7.538064e-8,1.212057e-6,Upregulated
YAL020C,0.9821233,0.001938983,0.007550265,Upregulated
YAL023C,0.7186948,0.008018374,0.0245052,Upregulated
YAL024C,0.9754517,6.945179e-6,6.214966e-5,Upregulated
YAL025C,0.8803886,0.002863441,0.010511940000000001,Upregulated
YAL030W,0.813179,0.001141028,0.004808947,Upregulated
YAL034C,0.9192875,0.01375765,0.03814337,Upregulated
YAL035W,1.062684,5.235129e-7,6.618854e-6,Upregulated
YAL036C,1.236724,4.153908e-5,2.936649e-4,Upregulated
YAL039C,1.207274,1.043957e-4,6.558631e-4,Upregulated
YAL040C,0.7196465,5.575961e-4,0.002660917,Upregulated
YAL041W,0.7185131,2.487414e-5,1.848573e-4,Upregulated
YAL046C,0.9938842,0.01464464,0.04012788,Upregulated
YAL047C,0.668688,0.009886311,0.02903478,Upregulated
YAL053W,1.819318,2.449815e-19,3.3929930000000004e-17,Upregulated
YAL055W,1.277392,2.147396e-9,5.131855e-8,Upregulated
YAL059W,1.110309,6.921785e-5,4.59597e-4,Upregulated
YAR002C-A,0.8491135,5.275374e-4,0.002537343,Upregulated
YAR008W,0.9297721,0.002446532,0.00920319,Upregulated
YAR014C,0.8785244,6.077602e-7,7.605114e-6,Upregulated
YAR042W,1.474893,1.3169699999999999e-21,2.2930329999999997e-19,Upregulated
YBL004W,0.5695599,0.006352343,0.02014109,Upregulated
YBL010C,0.8283945,0.003318349,0.01187634,Upregulated
YBL011W,0.8718741,2.084756e-7,2.968342e-6,Upregulated
YBL024W,0.5813174,0.01195694,0.03403343,Upregulated
YBL034C,0.7802204,6.555615e-4,0.003047286,Upregulated
YBL038W,0.5261207,0.009113773,0.02718519,Upregulated
YBL052C,0.5369944,0.007382517,0.02284098,Upregulated
YBL066C,0.534989,0.00639615,0.02022737,Upregulated
YBL101C,0.6104526,3.461551e-4,0.001777143,Upregulated
YBL113C,0.6913093,0.001806482,0.007134608,Upregulated
YBR001C,0.5986682,0.004810268,0.01612419,Upregulated
YBR030W,1.375207,1.536847e-7,2.273191e-6,Upregulated
YBR045C,0.8580892,0.001512024,0.006151052,Upregulated
YBR049C,0.5618927,0.003461569,0.01224307,Upregulated
YBR069C,0.7819036,0.0033245,0.01188762,Upregulated
YBR072W,1.202859,0.002485409,0.009332153,Upregulated
YBR083W,1.014513,2.899179e-6,2.915445e-5,Upregulated
YBR108W,0.7183783,0.001182851,0.00495075,Upregulated
YBR114W,0.6093472,2.779254e-4,0.001474045,Upregulated
YBR117C,2.217559,3.743544e-7,4.970187e-6,Upregulated
YBR120C,0.7237723,7.788795e-4,0.00351592,Upregulated
YBR121C,0.6116479,0.01436163,0.03946832,Upregulated
YBR123C,0.948598,1.405502e-8,2.754061e-7,Upregulated
YBR156C,0.7636209,0.01095838,0.03163446,Upregulated
YBR160W,0.8401739,0.004198234,0.01436499,Upregulated
YBR169C,1.337446,2.88284e-7,3.947871e-6,Upregulated
YBR172C,0.8559249,1.822647e-4,0.001026544,Upregulated
YBR177C,1.036857,1.46795e-4,8.609901e-4,Upregulated
YBR184W,0.9342246,8.175162e-4,0.003655157,Upregulated
YBR185C,0.7554205,0.001897068,0.0074201,Upregulated
YBR188C,0.5845685,0.01565077,0.04233279,Upregulated
YBR215W,0.729932,5.652421e-5,3.874674e-4,Upregulated
YBR228W,0.673436,0.01073993,0.03109223,Upregulated
YBR245C,0.5265416,0.004619913,0.01562361,Upregulated
YBR257W,0.9110308,1.06314e-5,8.87503e-5,Upregulated
YBR267W,0.9752612,3.411621e-4,0.001752986,Upregulated
YBR275C,0.7359341,2.042583e-5,1.563756e-4,Upregulated
YBR282W,0.6037509,0.015831,0.04264992,Upregulated
YBR292C,1.073673,1.726885e-4,9.835176e-4,Upregulated
YCL001W-A,1.366112,0.002828962,0.01040416,Upregulated
YCL024W,1.093706,6.113769e-5,4.158182e-4,Upregulated
YCL026C-B,0.7713336,0.01474281,0.04027013,Upregulated
YCL029C,0.6329114,0.01657305,0.04439393,Upregulated
YCL057C-A,0.8771512,6.149419e-4,0.002891555,Upregulated
YCL058W-A,0.9894778,0.001744287,0.006920118,Upregulated
YCL059C,0.6774724,0.002614022,0.009739099,Upregulated
YCL061C,0.5188632,0.01043763,0.03032222,Upregulated
YCR016W,0.5662832,0.013032,0.03650929,Upregulated
YCR020C,1.695926,7.666659e-9,1.591494e-7,Upregulated
YCR024C-B,1.112336,2.041291e-4,0.001128823,Upregulated
YCR025C,0.9622971,2.247719e-4,0.001225188,Upregulated
YCR033W,0.5405448,1.246964e-4,7.568723e-4,Upregulated
YCR036W,0.5910616,0.01016601,0.02968641,Upregulated
YCR052W,0.7424127,0.001113889,0.004736942,Upregulated
YCR065W,0.906791,0.002026999,0.007830158,Upregulated
YCR071C,1.053841,7.608429e-4,0.003447269,Upregulated
YCR072C,0.8035878,0.01317365,0.03679204,Upregulated
YCR082W,0.739527,0.01731444,0.04592755,Upregulated
YCR086W,1.375214,3.569548e-12,1.686266e-10,Upregulated
YDL001W,0.7505191,7.392668e-6,6.548099e-5,Upregulated
YDL003W,0.7199518,0.00205025,0.007902734,Upregulated
YDL005C,0.7233521,4.042841e-4,0.002016127,Upregulated
YDL013W,0.7084523,0.003345566,0.01194369,Upregulated
YDL019C,0.8896559,1.906377e-5,1.474948e-4,Upregulated
YDL022C-A,3.219306,6.313252e-5,4.255858e-4,Upregulated
YDL024C,1.143942,0.00189825,0.0074201,Upregulated
YDL030W,0.9472017,5.7546410000000004e-06,5.273501e-5,Upregulated
YDL031W,0.6101123,0.005200984,0.01717875,Upregulated
YDL039C,0.8408708,0.008642628,0.02594491,Upregulated
YDL042C,1.320673,9.035697e-7,1.069195e-5,Upregulated
YDL048C,1.569933,2.436205e-8,4.568072e-7,Upregulated
YDL051W,0.7625994,0.005843341,0.01884091,Upregulated
YDL060W,0.7470867,0.003159296,0.01145151,Upregulated
YDL064W,0.7690612,0.008441139,0.02544521,Upregulated
YDL074C,0.5777339,6.255724e-5,4.226428e-4,Upregulated
YDL075W,0.6410253,0.006869785,0.02152954,Upregulated
YDL077C,0.6042057,8.744007e-4,0.003866907,Upregulated
YDL083C,1.02914,0.007364159,0.02281288,Upregulated
YDL092W,0.8176703,1.959121e-5,1.509341e-4,Upregulated
YDL093W,0.9826101,2.029071e-4,0.001125128,Upregulated
YDL101C,1.132946,2.889951e-5,2.119297e-4,Upregulated
YDL122W,0.8900866,1.420808e-8,2.766264e-7,Upregulated
YDL127W,0.946907,6.470922e-4,0.003015666,Upregulated
YDL143W,0.7580878,5.503103e-5,3.785091e-4,Upregulated
YDL148C,0.6228941,0.01157449,0.03314611,Upregulated
YDL149W,0.755531,7.809726e-5,5.079239e-4,Upregulated
YDL150W,0.8151074,0.001704401,0.006788638,Upregulated
YDL153C,0.8055857,0.002425875,0.009148072,Upregulated
YDL154W,0.9714566,6.80752e-4,0.003142805,Upregulated
YDL181W,1.631976,1.753579e-7,2.54436e-6,Upregulated
YDL182W,0.73559,0.001176605,0.004927992,Upregulated
YDL193W,0.7675402,0.009503707,0.02811334,Upregulated
YDL197C,0.9983539,1.16759e-4,7.158245e-4,Upregulated
YDL201W,0.8882899,5.692598e-4,0.002708095,Upregulated
YDL207W,0.6858793,3.55949e-5,2.557964e-4,Upregulated
YDL208W,1.025928,9.285801e-5,5.947233e-4,Upregulated
YDL213C,0.9984639,5.774678e-6,5.275996e-5,Upregulated
YDL233W,0.8295939,6.534846e-5,4.40037e-4,Upregulated
YDL239C,1.235675,2.208209e-11,8.795312e-10,Upregulated
YDL243C,0.9020589,0.004739353,0.01595791,Upregulated
YDR001C,0.8726667,9.563207e-8,1.498154e-6,Upregulated
YDR012W,0.9347313,0.0129385,0.03633513,Upregulated
YDR014W-A,1.484647,0.001252547,0.005213814,Upregulated
YDR026C,0.7517921,4.082376e-7,5.373218e-6,Upregulated
YDR034W-B,1.489597,0.001751362,0.006939401,Upregulated
YDR036C,0.8450243,9.208935e-4,0.004031555,Upregulated
YDR049W,0.6755342,2.587584e-4,0.001384437,Upregulated
YDR054C,0.7466013,5.886831e-5,4.017284e-4,Upregulated
YDR055W,0.901056,0.002275922,0.008653942,Upregulated
YDR070C,1.923032,6.563762e-7,8.146552e-6,Upregulated
YDR083W,0.7493328,1.518726e-4,8.848104e-4,Upregulated
YDR087C,0.8102049,0.001916088,0.007475443,Upregulated
YDR088C,0.7096129,6.727452e-4,0.003112915,Upregulated
YDR092W,0.6608047,0.01566317,0.04234367,Upregulated
YDR097C,0.6705076,0.007367205,0.02281288,Upregulated
YDR104C,0.5565981,0.008183243,0.02487216,Upregulated
YDR113C,1.096021,5.796177e-5,3.959854e-4,Upregulated
YDR116C,1.24719,1.607137e-12,8.094124e-11,Upregulated
YDR120C,0.8527255,7.135797e-5,4.70114e-4,Upregulated
YDR121W,0.7057667,8.566362e-4,0.003807689,Upregulated
YDR143C,0.8228124,7.210943e-6,6.415107e-5,Upregulated
YDR152W,0.5678097,0.01304483,0.03651592,Upregulated
YDR159W,0.5396243,0.001355025,0.005595525,Upregulated
YDR165W,0.6753318,0.008387367,0.02532835,Upregulated
YDR172W,0.6612595,0.001652144,0.006623793,Upregulated
YDR176W,0.5035381,0.002821508,0.01038301,Upregulated
YDR180W,0.5974781,0.004673406,0.01576078,Upregulated
YDR181C,0.6916448,9.718212e-5,6.149822e-4,Upregulated
YDR184C,0.9181751,0.003286414,0.01180165,Upregulated
YDR200C,0.5280004,0.003107376,0.01128507,Upregulated
YDR201W,0.8591535,0.002750795,0.01017811,Upregulated
YDR207C,1.150901,1.864527e-7,2.686154e-6,Upregulated
YDR218C,2.255852,9.844487e-13,5.171751e-11,Upregulated
YDR219C,0.8039234,2.413329e-6,2.488465e-5,Upregulated
YDR223W,1.319629,1.212499e-6,1.358266e-5,Upregulated
YDR227W,0.9601149,1.883255e-10,5.738279e-9,Upregulated
YDR239C,0.579785,0.003544178,0.0124701,Upregulated
YDR243C,0.8031846,1.950303e-5,1.504449e-4,Upregulated
YDR265W,0.5790345,0.003865069,0.01339041,Upregulated
YDR266C,0.7228609,1.377943e-4,8.208394e-4,Upregulated
YDR273W,1.490913,2.711389e-11,1.044182e-9,Upregulated
YDR277C,1.172466,1.34378e-7,2.05238e-6,Upregulated
YDR283C,0.5872328,2.20818e-4,0.001204713,Upregulated
YDR285W,0.5727008,0.01685676,0.04505488,Upregulated
YDR309C,0.970013,0.002590595,0.009667537,Upregulated
YDR310C,1.022523,9.530722e-6,8.100449e-5,Upregulated
YDR316W,0.782388,4.82308e-8,8.326302e-7,Upregulated
YDR324C,0.5514171,0.01189743,0.03390542,Upregulated
YDR325W,0.676802,0.001524194,0.006192294,Upregulated
YDR329C,0.9831204,8.689994e-8,1.382685e-6,Upregulated
YDR335W,0.5392274,0.00349188,0.01232167,Upregulated
YDR342C,1.167231,2.097754e-5,1.595969e-4,Upregulated
YDR344C,1.520694,7.094406e-4,0.003248183,Upregulated
YDR351W,0.8481757,1.569249e-7,2.309904e-6,Upregulated
YDR359C,0.8251934,2.555819e-5,1.892486e-4,Upregulated
YDR361C,1.124221,1.733523e-5,1.352636e-4,Upregulated
YDR363W,0.9106176,7.588257e-6,6.672848e-5,Upregulated
YDR365C,0.7205614,0.003011478,0.01099577,Upregulated
YDR374C,2.432492,7.326742e-7,8.947729e-6,Upregulated
YDR381W,0.5037726,0.006871507,0.02152954,Upregulated
YDR383C,0.7165289,0.001262058,0.005239088,Upregulated
YDR386W,0.6401493,0.002785152,0.01027404,Upregulated
YDR393W,0.7342287,1.278167e-4,7.703897e-4,Upregulated
YDR397C,0.9212067,0.01412708,0.03897259,Upregulated
YDR405W,1.056381,1.049141e-6,1.206315e-5,Upregulated
YDR406W,0.6226845,0.01667225,0.04464002,Upregulated
YDR412W,0.6917259,0.002741741,0.01015077,Upregulated
YDR420W,0.5990043,0.007340891,0.0227661,Upregulated
YDR429C,0.5947982,0.001100622,0.004700201,Upregulated
YDR440W,1.143506,1.101714e-6,1.264377e-5,Upregulated
YDR446W,1.571904,1.438867e-4,8.48013e-4,Upregulated
YDR454C,0.659201,0.01555368,0.04214501,Upregulated
YDR459C,0.8060091,0.001086067,0.004647816,Upregulated
YDR460W,0.8050307,4.539723e-6,4.269301e-5,Upregulated
YDR463W,0.6074661,1.485634e-4,8.688536e-4,Upregulated
YDR464W,1.089276,7.52227e-10,1.984447e-8,Upregulated
YDR468C,0.6996001,1.71233e-4,9.776335e-4,Upregulated
YDR473C,0.6314368,0.002205231,0.008420223,Upregulated
YDR478W,1.480042,5.942436e-11,2.093249e-9,Upregulated
YDR494W,0.5007831,0.009469963,0.0280554,Upregulated
YDR499W,0.6037965,9.669409e-4,0.004202952,Upregulated
YDR507C,0.9551055,4.913441e-4,0.002383958,Upregulated
YDR515W,1.712774,4.28045e-15,3.260633e-13,Upregulated
YDR517W,0.6072456,0.003717949,0.01299896,Upregulated
YDR525W,1.385341,0.004067303,0.01398767,Upregulated
YDR527W,1.215069,3.274419e-6,3.239336e-5,Upregulated
YDR532C,0.735302,1.103158e-5,9.159102e-5,Upregulated
YDR533C,1.762814,9.476502e-7,1.104203e-5,Upregulated
YDR540C,1.306137,3.944443e-6,3.803391e-5,Upregulated
YEL009C-A,1.084263,9.471828e-5,6.02519e-4,Upregulated
YEL032W,1.159484,7.864312e-6,6.866063e-5,Upregulated
YEL034W,0.9417331,9.776353e-4,0.004240363,Upregulated
YEL049W,0.9808798,0.01765297,0.04669151,Upregulated
YEL050C,0.5202572,7.983301e-4,0.003587776,Upregulated
YEL052W,0.5372233,0.005394055,0.01764778,Upregulated
YEL055C,0.7156768,2.904475e-4,0.001525851,Upregulated
YEL057C,0.9294385,0.002870905,0.01053299,Upregulated
YER006W,1.13796,2.168253e-6,2.273625e-5,Upregulated
YER029C,0.8724774,1.911743e-6,2.033187e-5,Upregulated
YER032W,0.7388547,6.493036e-4,0.003022808,Upregulated
YER033C,0.7889353,2.731128e-5,2.010084e-4,Upregulated
YER038C,0.730181,0.003134878,0.01137817,Upregulated
YER048C,0.8280897,1.193614e-6,1.344525e-5,Upregulated
YER058W,1.11285,4.539382e-6,4.269301e-5,Upregulated
YER060W-A,3.097422,6.630473000000001e-17,6.73435e-15,Upregulated
YER064C,0.9361504,2.668519e-6,2.728516e-5,Upregulated
YER068W,0.8381531,1.789597e-4,0.001014178,Upregulated
YER074W,0.6986668,0.009580099,0.02829914,Upregulated
YER075C,0.8753784,7.264599e-5,4.780828e-4,Upregulated
YER082C,0.806892,0.001044789,0.004499606,Upregulated
YER085C,1.911743,4.710114e-5,3.280393e-4,Upregulated
YER088C,0.6158664,4.076386e-4,0.002027877,Upregulated
YER095W,1.150231,2.071442e-4,0.001142386,Upregulated
YER111C,0.7100623,3.495495e-4,0.001790046,Upregulated
YER114C,0.7964135,3.522814e-6,3.462585e-5,Upregulated
YER115C,0.9634881,1.180207e-6,1.331885e-5,Upregulated
YER120W,0.7031593,0.01827433,0.04802233,Upregulated
YER124C,0.9230092,2.344976e-4,0.00127478,Upregulated
YER126C,0.8983344,0.002671892,0.00992836,Upregulated
YER127W,0.8912601,9.093668e-4,0.003992566,Upregulated
YER132C,0.8446049,2.114174e-6,2.22685e-5,Upregulated
YER137C,2.450291,1.171739e-15,1.005715e-13,Upregulated
YER151C,0.5493028,5.93008e-4,0.002803561,Upregulated
YER154W,1.47154,3.319519e-11,1.241052e-9,Upregulated
YER155C,0.6937681,9.883164e-8,1.540358e-6,Upregulated
YER158C,0.9438631,1.528922e-6,1.669758e-5,Upregulated
YER161C,0.6727908,1.462045e-4,8.6001e-4,Upregulated
YER162C,0.600367,0.003872791,0.01340954,Upregulated
YER163C,1.033177,3.139687e-4,0.001628362,Upregulated
YER169W,0.6870576,0.009865509,0.02898766,Upregulated
YFL008W,0.6768304,0.004562007,0.01546211,Upregulated
YFL014W,3.892052,2.03066e-11,8.223677e-10,Upregulated
YFL023W,0.6513559,0.006425739,0.02029254,Upregulated
YFL034W,0.8219881,2.153305e-10,6.43247e-9,Upregulated
YFL040W,2.407459,6.048417999999999e-19,7.678971e-17,Upregulated
YFL060C,2.569376,2.570528e-4,0.00137652,Upregulated
YFR006W,0.5306116,7.011354e-5,4.634185e-4,Upregulated
YFR011C,0.9334394,0.01440135,0.03955016,Upregulated
YFR016C,0.5968877,3.866036e-4,0.001942441,Upregulated
YFR017C,1.070344,5.656843e-4,0.002693188,Upregulated
YFR019W,1.162683,8.917253e-13,4.76682e-11,Upregulated
YFR023W,0.9709491,0.005485095,0.0178654,Upregulated
YFR029W,0.9114821,8.017619e-7,9.59909e-6,Upregulated
YFR031C,0.7477289,8.000128e-8,1.279601e-6,Upregulated
YFR033C,0.7490393,0.00517101,0.01710757,Upregulated
YFR036W,0.866955,0.01008766,0.02951603,Upregulated
YFR038W,0.8695508,2.273996e-7,3.207808e-6,Upregulated
YGL006W,0.7358777,0.01556095,0.04214596,Upregulated
YGL010W,1.032103,0.002722149,0.01009141,Upregulated
YGL011C,0.5456545,0.002345488,0.008877889,Upregulated
YGL012W,1.262488,3.207424e-5,2.338043e-4,Upregulated
YGL018C,1.129363,3.247716e-4,0.0016801,Upregulated
YGL019W,0.7652247,0.001816234,0.007164382,Upregulated
YGL023C,1.152478,1.552797e-5,1.227334e-4,Upregulated
YGL037C,1.28167,3.534383e-5,2.546188e-4,Upregulated
YGL038C,0.9429982,2.588997e-6,2.660598e-5,Upregulated
YGL041C-B,1.385261,3.830879e-5,2.733651e-4,Upregulated
YGL050W,1.233698,6.086735e-16,5.454788e-14,Upregulated
YGL057C,1.323692,2.076399e-7,2.963367e-6,Upregulated
YGL061C,1.373928,4.345484e-8,7.587787e-7,Upregulated
YGL066W,0.7616537,1.585674e-5,1.248462e-4,Upregulated
YGL071W,0.7375059,4.188799e-6,4.007307e-5,Upregulated
YGL075C,2.075759,3.537198e-8,6.396346e-7,Upregulated
YGL078C,0.8406237,6.375503e-4,0.002984049,Upregulated
YGL081W,1.350305,5.502999e-8,9.315354e-7,Upregulated
YGL086W,0.8723596,1.798383e-10,5.563118e-9,Upregulated
YGL090W,1.095468,3.69564e-8,6.62389e-7,Upregulated
YGL092W,0.7942172,3.231004e-7,4.365796e-6,Upregulated
YGL093W,0.9877021,1.995375e-5,1.53533e-4,Upregulated
YGL094C,0.6426581,6.020348e-4,0.00283524,Upregulated
YGL099W,1.312094,4.340313e-11,1.593365e-9,Upregulated
YGL105W,0.9975685,3.745131e-6,3.645819e-5,Upregulated
YGL108C,1.319686,1.4874e-8,2.886693e-7,Upregulated
YGL110C,0.9088578,2.774479e-7,3.81663e-6,Upregulated
YGL111W,0.8757709,2.372757e-4,0.001287585,Upregulated
YGL113W,0.818553,1.965199e-4,0.001093745,Upregulated
YGL116W,0.7728689,3.678694e-4,0.001869722,Upregulated
YGL120C,0.9959284,2.421017e-5,1.808048e-4,Upregulated
YGL122C,0.8532092,4.702634e-12,2.122804e-10,Upregulated
YGL128C,1.54129,1.312666e-8,2.597202e-7,Upregulated
YGL131C,0.6268061,9.184741e-6,7.828226e-5,Upregulated
YGL133W,0.7762771,5.127354e-5,3.538629e-4,Upregulated
YGL136C,1.065755,1.709357e-6,1.830725e-5,Upregulated
YGL137W,0.8668651,1.687887e-5,1.323807e-4,Upregulated
YGL143C,1.395283,2.562684e-9,6.017831e-8,Upregulated
YGL148W,0.7944739,0.003750786,0.01309681,Upregulated
YGL158W,1.402305,2.647147e-4,0.001413108,Upregulated
YGL163C,1.348834,1.342571e-8,2.64102e-7,Upregulated
YGL170C,6.821617,2.939372e-37,1.3778869999999999e-34,Upregulated
YGL171W,1.362006,4.305627e-8,7.539797e-7,Upregulated
YGL173C,0.6324543,4.378959e-6,4.16959e-5,Upregulated
YGL174W,1.356584,1.695141e-7,2.481026e-6,Upregulated
YGL175C,0.8110603,6.079227e-4,0.002860758,Upregulated
YGL178W,0.5669356,0.004315964,0.01470178,Upregulated
YGL180W,1.495323,1.682039e-16,1.653282e-14,Upregulated
YGL183C,1.569081,1.941416e-5,1.499492e-4,Upregulated
YGL201C,0.9246708,1.547372e-4,8.972108e-4,Upregulated
YGL203C,0.6760959,5.503076e-4,0.002630255,Upregulated
YGL204C,5.674005,3.606662e-14,2.481792e-12,Upregulated
YGL207W,1.043242,3.985722e-9,8.705732e-8,Upregulated
YGL208W,1.876531,4.603435e-9,9.91284e-8,Upregulated
YGL209W,2.564794,3.768578e-13,2.126455e-11,Upregulated
YGL210W,1.761225,7.434569e-17,7.427256e-15,Upregulated
YGL216W,1.305374,7.357865e-13,3.968038e-11,Upregulated
YGL226W,0.8345923,0.006228186,0.01981962,Upregulated
YGL228W,0.5668298,0.001977157,0.007684179,Upregulated
YGL242C,0.8720073,1.50868e-5,1.204967e-4,Upregulated
YGL244W,0.5944218,0.001013105,0.004375521,Upregulated
YGL247W,0.5467527,0.01499033,0.04083642,Upregulated
YGL248W,0.9096116,7.030971e-4,0.003226411,Upregulated
YGL249W,1.037312,2.901229e-4,0.001525461,Upregulated
YGR001C,1.258074,9.388674e-8,1.474603e-6,Upregulated
YGR005C,0.8092967,1.332393e-5,1.081172e-4,Upregulated
YGR009C,1.01576,7.910502e-9,1.634122e-7,Upregulated
YGR013W,0.8874378,3.22536e-7,4.365796e-6,Upregulated
YGR014W,0.9522897,3.539244e-5,2.546417e-4,Upregulated
YGR017W,1.042742,1.031596e-5,8.683072e-5,Upregulated
YGR021W,0.9267531,3.856e-4,0.001942022,Upregulated
YGR031W,0.8897601,0.01805104,0.04757918,Upregulated
YGR032W,1.801711,3.215357e-14,2.252229e-12,Upregulated
YGR033C,1.100876,2.242697e-8,4.257631e-7,Upregulated
YGR043C,1.336391,5.133024e-4,0.002480622,Upregulated
YGR047C,1.006767,5.710066e-7,7.174669e-6,Upregulated
YGR048W,1.092502,6.496113e-9,1.37893e-7,Upregulated
YGR056W,0.8331419,0.008293364,0.02511917,Upregulated
YGR072W,1.169878,5.905488e-10,1.606609e-8,Upregulated
YGR077C,0.5855842,0.01013218,0.02962837,Upregulated
YGR079W,1.480518,2.214887e-5,1.664306e-4,Upregulated
YGR083C,1.110764,7.687194e-8,1.232783e-6,Upregulated
YGR085C,0.8670057,0.001997922,0.007745125,Upregulated
YGR088W,1.099844,1.525808e-4,8.880876e-4,Upregulated
YGR091W,0.6613586,0.01239929,0.0350172,Upregulated
YGR093W,1.138216,5.427468e-8,9.238824e-7,Upregulated
YGR094W,0.5397179,0.006725942,0.02113868,Upregulated
YGR099W,0.8162731,3.772834e-4,0.001909606,Upregulated
YGR102C,1.367679,1.660077e-9,4.079237e-8,Upregulated
YGR112W,1.492304,1.003806e-7,1.558621e-6,Upregulated
YGR113W,0.795468,1.039088e-4,6.53478e-4,Upregulated
YGR120C,0.9172416,0.01396119,0.03856731,Upregulated
YGR128C,0.6380965,0.01846104,0.04842943,Upregulated
YGR130C,0.545789,0.002418764,0.009126902,Upregulated
YGR134W,0.5472264,0.003334139,0.01190987,Upregulated
YGR140W,0.8439388,4.478386e-5,3.136929e-4,Upregulated
YGR145W,1.182994,8.891528e-6,7.599575e-5,Upregulated
YGR152C,1.017912,1.612497e-5,1.267942e-4,Upregulated
YGR153W,1.521921,9.792296e-8,1.530109e-6,Upregulated
YGR159C,1.422833,3.113415e-6,3.095131e-5,Upregulated
YGR162W,0.55867,0.008144534,0.02476686,Upregulated
YGR166W,0.5347231,0.01689459,0.0451164,Upregulated
YGR167W,0.6481513,5.818078e-4,0.002759173,Upregulated
YGR169C,0.9572615,0.01115712,0.03210174,Upregulated
YGR169C-A,0.7423946,9.07356e-4,0.003989486,Upregulated
YGR174C,1.972231,2.060913e-10,6.1868e-9,Upregulated
YGR179C,1.237118,1.49621e-6,1.636967e-5,Upregulated
YGR180C,0.8008284,0.00799287,0.02445208,Upregulated
YGR181W,2.006616,3.837064e-6,3.717499e-5,Upregulated
YGR183C,0.7354036,0.01234489,0.0349094,Upregulated
YGR184C,1.370862,9.312526e-27,2.182713e-24,Upregulated
YGR185C,0.6427363,6.742326e-4,0.00311743,Upregulated
YGR186W,1.271367,5.021066e-15,3.777578e-13,Upregulated
YGR187C,1.920625,2.652953e-13,1.569621e-11,Upregulated
YGR194C,0.7872442,0.007296663,0.02266354,Upregulated
YGR196C,1.467596,6.795529e-18,7.813577e-16,Upregulated
YGR199W,0.564216,0.004421768,0.01503697,Upregulated
YGR200C,0.6840418,0.001051646,0.004525938,Upregulated
YGR214W,1.334782,3.534747e-5,2.546188e-4,Upregulated
YGR215W,0.7913204,3.733777e-5,2.673753e-4,Upregulated
YGR225W,1.325701,1.171118e-6,1.32408e-5,Upregulated
YGR234W,0.8736405,0.008929574,0.0267142,Upregulated
YGR235C,0.7076077,0.006381111,0.02021032,Upregulated
YGR236C,1.023449,0.0155048,0.04204996,Upregulated
YGR238C,1.164259,6.534986e-11,2.249955e-9,Upregulated
YGR239C,1.765408,1.100816e-9,2.795155e-8,Upregulated
YGR245C,0.9400149,1.691225e-4,9.676941e-4,Upregulated
YGR246C,0.59809,2.529089e-4,0.001359106,Upregulated
YGR251W,1.569131,1.031801e-9,2.66432e-8,Upregulated
YGR252W,0.7554171,0.001143384,0.004808947,Upregulated
YGR256W,1.134912,0.002244262,0.00856389,Upregulated
YGR270W,1.160782,8.270237e-14,5.305139e-12,Upregulated
YGR273C,1.104772,0.01089663,0.03150097,Upregulated
YGR274C,1.201057,1.649028e-14,1.182256e-12,Upregulated
YGR276C,0.5284018,1.151348e-4,7.094355e-4,Upregulated
YGR278W,1.075494,1.005149e-7,1.558621e-6,Upregulated
YGR280C,1.31795,1.045295e-6,1.206315e-5,Upregulated
YGR281W,1.008725,4.226548e-6,4.037082e-5,Upregulated
YGR283C,1.256373,5.585813e-8,9.429347e-7,Upregulated
YGR284C,0.8318523,0.005708154,0.01846364,Upregulated
YGR285C,1.005814,1.885608e-5,1.461946e-4,Upregulated
YHL002W,0.5980111,5.650092e-4,0.002693188,Upregulated
YHL008C,0.6502503,0.01360478,0.03782278,Upregulated
YHL010C,1.091959,9.923158e-11,3.268742e-9,Upregulated
YHL024W,0.8338124,0.004953403,0.01645913,Upregulated
YHL028W,2.514062,7.486588e-14,4.853539e-12,Upregulated
YHL031C,1.049281,1.749771e-4,9.956213e-4,Upregulated
YHR001W-A,0.9563411,0.007482422,0.02312266,Upregulated
YHR008C,0.8306232,0.002028346,0.007830158,Upregulated
YHR014W,0.9004129,0.01669016,0.04466834,Upregulated
YHR015W,1.386726,2.206057e-5,1.664306e-4,Upregulated
YHR023W,0.6216653,4.442128e-4,0.002182536,Upregulated
YHR036W,0.7555822,4.877779e-5,3.377862e-4,Upregulated
YHR043C,0.7538029,0.01261227,0.03555003,Upregulated
YHR066W,0.7866022,0.007129033,0.0222108,Upregulated
YHR081W,0.8033816,3.801822e-4,0.001921612,Upregulated
YHR088W,0.9393349,1.993176e-4,0.001107239,Upregulated
YHR089C,0.9465227,2.38456e-4,0.001292839,Upregulated
YHR090C,0.9574768,6.691789e-7,8.271758e-6,Upregulated
YHR096C,2.43273,6.423986e-6,5.782536e-5,Upregulated
YHR103W,0.997693,1.482896e-12,7.530639e-11,Upregulated
YHR104W,0.7707795,0.01728598,0.04588013,Upregulated
YHR110W,0.5955133,0.002722395,0.01009141,Upregulated
YHR119W,0.936455,2.586242e-10,7.540936e-9,Upregulated
YHR127W,0.6700695,0.004823748,0.01615161,Upregulated
YHR138C,1.011972,0.00300924,0.01099419,Upregulated
YHR139C,0.9758394,0.01322237,0.0369112,Upregulated
YHR150W,0.6377954,0.001165988,0.004893618,Upregulated
YHR152W,0.7926331,0.001867536,0.007332968,Upregulated
YHR153C,1.157785,0.001801486,0.007124111,Upregulated
YHR154W,0.8661146,9.61423e-4,0.004184937,Upregulated
YHR159W,0.6963063,7.920848e-4,0.003564966,Upregulated
YHR169W,0.6074138,0.005983795,0.01918214,Upregulated
YHR179W,0.5706389,0.01207439,0.03428768,Upregulated
YHR182W,0.8142274,1.412251e-5,1.138394e-4,Upregulated
YHR192W,0.699209,3.796444e-5,2.713192e-4,Upregulated
YHR196W,0.6295423,0.003203664,0.01156583,Upregulated
YHR209W,0.7697389,0.01714331,0.04560381,Upregulated
YHR215W,2.15379,5.991809e-4,0.002826167,Upregulated
YIL002C,0.5082138,0.002028851,0.007830158,Upregulated
YIL003W,0.7384203,0.01056182,0.03063481,Upregulated
YIL005W,0.787184,5.782984e-8,9.655207e-7,Upregulated
YIL008W,1.164141,7.261511e-4,0.003312249,Upregulated
YIL009C-A,2.08121,9.436526e-7,1.103766e-5,Upregulated
YIL010W,0.7994285,0.01401108,0.03868759,Upregulated
YIL011W,1.451223,3.910017e-4,0.001961123,Upregulated
YIL013C,1.757503,1.030992e-12,5.369972e-11,Upregulated
YIL014W,1.816025,2.687964e-21,4.427150000000001e-19,Upregulated
YIL019W,0.9663159,1.120763e-4,6.948045e-4,Upregulated
YIL023C,0.5907895,0.01598183,0.04299986,Upregulated
YIL024C,1.497435,0.00060051220000000005,0.002830256,Upregulated
YIL026C,0.5798615,0.0117899,0.03366806,Upregulated
YIL031W,0.6475492,1.776929e-5,1.382963e-4,Upregulated
YIL033C,0.567988,0.01365604,0.03793066,Upregulated
YIL035C,0.7814136,7.221876e-9,1.5137e-7,Upregulated
YIL038C,0.6350496,7.800092e-5,5.078394e-4,Upregulated
YIL044C,1.123663,7.570887e-6,6.667195e-5,Upregulated
YIL046W-A,1.368005,0.002265214,0.008625961,Upregulated
YIL063C,0.810347,2.197126e-6,2.292686e-5,Upregulated
YIL064W,1.468033,6.065127e-8,1.0057590000000001e-06,Upregulated
YIL070C,0.8515595,0.004880489,0.0162879,Upregulated
YIL073C,1.49849,4.776507e-6,4.457585e-5,Upregulated
YIL075C,0.9651074,3.338428e-7,4.500969e-6,Upregulated
YIL079C,0.8395111,0.003592371,0.01260329,Upregulated
YIL084C,0.5843458,0.009286789,0.02760668,Upregulated
YIL085C,0.5305364,0.001957454,0.007612462,Upregulated
YIL091C,1.318928,1.045421e-6,1.206315e-5,Upregulated
YIL092W,1.064303,4.488766e-7,5.807758e-6,Upregulated
YIL095W,0.7490649,1.481558e-4,8.67302e-4,Upregulated
YIL096C,0.7360754,0.002573217,0.009608568,Upregulated
YIL098C,0.7328725,9.676216e-5,6.129611e-4,Upregulated
YIL099W,1.382766,1.113903e-6,1.27357e-5,Upregulated
YIL101C,1.412125,6.579937e-7,8.150027e-6,Upregulated
YIL107C,0.7719011,7.43238e-4,0.003382593,Upregulated
YIL112W,0.7194454,7.646245e-6,6.714152e-5,Upregulated
YIL119C,0.7823773,3.345387e-4,0.001724771,Upregulated
YIL121W,1.238437,3.110243e-6,3.095131e-5,Upregulated
YIL122W,0.7414765,6.937553e-4,0.003195574,Upregulated
YIL126W,0.7083278,1.150074e-6,1.30513e-5,Upregulated
YIL127C,1.420471,4.752225e-7,6.109717e-6,Upregulated
YIL131C,0.9259378,3.158221e-4,0.001636582,Upregulated
YIL132C,0.7296782,0.01820535,0.04790303,Upregulated
YIL133C,0.9720812,0.01068272,0.03095602,Upregulated
YIL136W,1.085523,2.445273e-4,0.00132156,Upregulated
YIL138C,1.231521,6.713289e-12,2.96455e-10,Upregulated
YIL144W,0.71749,1.689247e-6,1.812372e-5,Upregulated
YIL146C,0.8609066,0.002684609,0.009969533,Upregulated
YIL147C,0.7391629,7.359808e-5,4.823809e-4,Upregulated
YIL149C,0.69936449999999994,2.981282e-6,2.988147e-5,Upregulated
YIL150C,0.7624209,7.005892e-4,0.003219247,Upregulated
YIL151C,0.986483,1.436021e-7,2.15563e-6,Upregulated
YIL152W,1.059108,2.488831e-4,0.001339835,Upregulated
YIL159W,0.9642962,2.578325e-6,2.654107e-5,Upregulated
YIL161W,1.455562,2.154609e-12,1.067495e-10,Upregulated
YIL172C,1.150818,0.006370083,0.02018683,Upregulated
YIL177C,1.107443,4.709177e-4,0.002299497,Upregulated
YIR002C,1.257445,9.581065e-16,8.461886e-14,Upregulated
YIR004W,0.5555116,0.001731633,0.00688361,Upregulated
YIR010W,1.620018,1.377014e-13,8.562779e-12,Upregulated
YIR019C,3.832932,1.79714e-24,3.776472e-22,Upregulated
YIR024C,0.9280357,7.30098e-7,8.934172e-6,Upregulated
YIR034C,0.8880286,0.0109519,0.03163075,Upregulated
YIR035C,1.155597,6.472746e-4,0.003015666,Upregulated
YIR038C,1.468728,1.886856e-6,2.010227e-5,Upregulated
YIR042C,1.849554,2.503763e-4,0.001346684,Upregulated
YJL013C,0.6752919,0.00365924,0.01280839,Upregulated
YJL014W,0.7229465,8.199941e-6,7.088005e-5,Upregulated
YJL029C,0.7734746,3.731232e-8,6.668073e-7,Upregulated
YJL033W,1.125095,2.581356e-5,1.909076e-4,Upregulated
YJL037W,1.16547,0.003861126,0.01338436,Upregulated
YJL038C,1.189487,0.00174536,0.006920118,Upregulated
YJL050W,0.6967185,0.007008572,0.02188024,Upregulated
YJL063C,0.7760419,0.003449736,0.012214590000000001,Upregulated
YJL066C,0.8106082,0.003570269,0.01254619,Upregulated
YJL074C,0.7243301,6.515471e-4,0.003030937,Upregulated
YJL084C,1.552876,9.218487000000001e-18,1.040323e-15,Upregulated
YJL088W,2.448684,7.922006e-7,9.522032e-6,Upregulated
YJL092W,1.113368,1.590065e-17,1.730331e-15,Upregulated
YJL098W,1.332132,9.235185e-7,1.087624e-5,Upregulated
YJL102W,1.317773,8.942635e-8,1.411824e-6,Upregulated
YJL103C,0.9831768,1.145574e-4,7.065921e-4,Upregulated
YJL104W,1.169273,1.340665e-6,1.496339e-5,Upregulated
YJL107C,0.7929889,0.003989247,0.01375372,Upregulated
YJL115W,0.6333185,0.01028635,0.02994984,Upregulated
YJL122W,1.319221,1.149713e-5,9.506579e-5,Upregulated
YJL123C,0.7161366,4.368255e-5,3.07392e-4,Upregulated
YJL136C,0.57835,0.007578074,0.02337084,Upregulated
YJL148W,1.025014,4.26374e-4,0.002102203,Upregulated
YJL162C,1.236688,1.009326e-9,2.617376e-8,Upregulated
YJL168C,0.6472754,0.002037671,0.007859221,Upregulated
YJL174W,1.506146,2.334691e-11,9.190058e-10,Upregulated
YJL176C,0.8219971,4.851204e-7,6.197743e-6,Upregulated
YJL184W,0.6610872,0.0050489,0.01675817,Upregulated
YJL187C,0.7157173,0.001987863,0.007715949,Upregulated
YJL197W,0.5359563,0.003061863,0.01116636,Upregulated
YJR002W,0.958969,8.697152e-6,7.464852e-5,Upregulated
YJR004C,0.6169397,0.005880814,0.01894169,Upregulated
YJR005C-A,0.9713431,1.80881e-4,0.001021584,Upregulated
YJR006W,0.506329,0.01360093,0.03782278,Upregulated
YJR014W,0.5319589,0.003358744,0.0119767,Upregulated
YJR054W,0.8489855,1.288005e-5,1.049346e-4,Upregulated
YJR055W,0.8313387,0.002500188,0.009381862,Upregulated
YJR056C,1.472291,1.124187e-8,2.260989e-7,Upregulated
YJR060W,1.076342,9.245089e-7,1.087624e-5,Upregulated
YJR061W,1.158189,4.792462e-7,6.13556e-6,Upregulated
YJR072C,1.082256,6.837802e-8,1.114159e-6,Upregulated
YJR074W,0.743065,0.008229759,0.02497475,Upregulated
YJR078W,1.020339,0.006207742,0.01976488,Upregulated
YJR082C,1.688676,4.398711e-8,7.636964e-7,Upregulated
YJR089W,0.7532862,1.532538e-5,1.219228e-4,Upregulated
YJR094C,1.076874,0.008078299,0.02462689,Upregulated
YJR107W,0.6134955,0.01473797,0.04027013,Upregulated
YJR112W,1.333926,1.208869e-4,7.379752e-4,Upregulated
YJR133W,0.8893472,0.002852604,0.01047846,Upregulated
YJR155W,0.9766474,0.01733399,0.04592755,Upregulated
YKL009W,0.8491126,0.002752749,0.01017916,Upregulated
YKL012W,0.9409012,1.143499e-8,2.292265e-7,Upregulated
YKL018C-A,0.9605972,0.0031725,0.01148735,Upregulated
YKL021C,0.5987599,0.005297171,0.01739276,Upregulated
YKL028W,1.016009,2.771085e-8,5.132825e-7,Upregulated
YKL033W,0.8856395,1.42387e-6,1.569089e-5,Upregulated
YKL038W,0.6505842,0.004772395,0.01602368,Upregulated
YKL049C,0.8489508,9.379596e-5,5.980328e-4,Upregulated
YKL050C,1.577486,5.087134e-11,1.823588e-9,Upregulated
YKL052C,0.7351774,0.007913106,0.02425677,Upregulated
YKL054C,0.9810278,2.165716e-7,3.076427e-6,Upregulated
YKL059C,0.5274738,8.431982e-4,0.003758924,Upregulated
YKL064W,0.6622038,0.001053617,0.004531224,Upregulated
YKL065W-A,1.969285,1.73814e-5,1.354505e-4,Upregulated
YKL070W,1.524132,1.198048e-4,7.322875e-4,Upregulated
YKL071W,1.042422,0.01182034,0.03372317,Upregulated
YKL089W,0.6545123,0.002552367,0.009548265,Upregulated
YKL096W-A,3.16765,1.007737e-6,1.167519e-5,Upregulated
YKL099C,0.6809582,0.005620306,0.01822786,Upregulated
YKL101W,0.7888187,7.896431e-4,0.003556604,Upregulated
YKL104C,0.6270295,0.002533217,0.009488274,Upregulated
YKL110C,0.5324126,9.306491e-4,0.004071339,Upregulated
YKL112W,0.6583778,0.01610544,0.04326859,Upregulated
YKL113C,1.413528,8.361732e-8,1.333937e-6,Upregulated
YKL121W,0.6134829,3.322328e-4,0.001715785,Upregulated
YKL139W,1.070892,3.08941e-7,4.202425e-6,Upregulated
YKL143W,0.5957555,0.01881309,0.04912768,Upregulated
YKL149C,0.5456319,0.006095199,0.01949824,Upregulated
YKL155C,0.9002418,2.997529e-6,2.999498e-5,Upregulated
YKL167C,0.804996,0.009280427,0.02760123,Upregulated
YKL172W,0.6589637,0.01497973,0.0408258,Upregulated
YKL185W,0.828714,0.003844714,0.0133569,Upregulated
YKL201C,1.170561,1.296173e-9,3.250567e-8,Upregulated
YKL216W,0.7462246,0.001431105,0.005864815,Upregulated
YKR002W,0.9242209,4.499828e-9,9.724096e-8,Upregulated
YKR006C,0.9169016,1.233302e-4,7.500743e-4,Upregulated
YKR010C,0.6059127,0.001932867,0.007531262,Upregulated
YKR015C,1.913132,1.389293e-9,3.469817e-8,Upregulated
YKR019C,0.860847,1.394179e-5,1.126808e-4,Upregulated
YKR022C,0.5957898,8.175219e-4,0.003655157,Upregulated
YKR023W,0.5233713,7.114965e-4,0.00325515,Upregulated
YKR024C,0.5800039,0.009455591,0.02802645,Upregulated
YKR029C,0.6347572,3.983875e-7,5.254921e-6,Upregulated
YKR037C,1.27571,2.296144e-7,3.224125e-6,Upregulated
YKR041W,0.8730773,0.001112499,0.004734337,Upregulated
YKR050W,1.197907,2.072768e-8,3.947327e-7,Upregulated
YKR054C,0.6904504,7.990364e-5,5.185653e-4,Upregulated
YKR056W,0.9018882,7.054863e-5,4.65285e-4,Upregulated
YKR060W,0.8452756,0.005268351,0.01731679,Upregulated
YKR061W,0.6844403,0.005580997,0.01811001,Upregulated
YKR062W,0.8924804,1.421733e-7,2.144564e-6,Upregulated
YKR071C,0.7284135,1.231162e-5,1.007074e-4,Upregulated
YKR072C,0.5215838,0.005465274,0.01781989,Upregulated
YKR081C,1.161395,1.697261e-5,1.327742e-4,Upregulated
YKR092C,0.7317798,7.185076e-4,0.00328476,Upregulated
YKR095W,0.5030523,3.812827e-4,0.001921867,Upregulated
YKR096W,0.5324119,0.004751511,0.01597116,Upregulated
YLL006W-A,1.613975,1.999746e-6,2.112292e-5,Upregulated
YLL008W,0.7665966,0.007664813,0.02360251,Upregulated
YLL013C,0.5291384,0.00276777,0.0102223,Upregulated
YLL018C,0.9367564,4.41185e-6,4.189957e-5,Upregulated
YLL021W,0.5364727,0.009376897,0.02782026,Upregulated
YLL022C,1.331589,3.843309e-8,6.848282e-7,Upregulated
YLL030C,1.458467,0.001585637,0.006369724,Upregulated
YLL034C,0.774301,1.351652e-4,8.059655e-4,Upregulated
YLL036C,1.032454,5.885631e-10,1.606609e-8,Upregulated
YLL046C,2.858937,2.2275370000000003e-17,2.34045e-15,Upregulated
YLR002C,0.850482,2.167157e-4,0.001186582,Upregulated
YLR003C,1.024479,4.285589e-7,5.592372e-6,Upregulated
YLR004C,0.8813059,0.00254793,0.009537522,Upregulated
YLR014C,0.5147781,0.01600355,0.04303869,Upregulated
YLR015W,0.8583229,3.761583e-6,3.655994e-5,Upregulated
YLR016C,0.7859592,1.597536e-4,9.23661e-4,Upregulated
YLR017W,0.9287094,0.01132732,0.03253,Upregulated
YLR021W,0.8722402,0.009613481,0.02838399,Upregulated
YLR025W,1.043097,8.148816e-11,2.758827e-9,Upregulated
YLR026C,0.7818452,6.685817e-4,0.003098355,Upregulated
YLR032W,1.421568,1.406468e-11,5.791228e-10,Upregulated
YLR033W,0.6731053,1.423924e-4,8.424651e-4,Upregulated
YLR045C,0.6830411,3.641077e-4,0.001852291,Upregulated
YLR068W,0.9204661,8.952865e-4,0.003944957,Upregulated
YLR086W,0.6459832,1.819753e-4,0.001025862,Upregulated
YLR095C,0.6970967,2.900321e-4,0.001525461,Upregulated
YLR096W,0.6283137,2.6731e-4,0.00142394,Upregulated
YLR103C,1.112148,1.117674e-4,6.946242e-4,Upregulated
YLR106C,1.105241,9.125563e-7,1.077736e-5,Upregulated
YLR109W,0.9609134,0.001923449,0.007499359,Upregulated
YLR121C,2.055319,4.077986e-8,7.182441e-7,Upregulated
YLR135W,0.6909674,9.626381e-4,0.004187235,Upregulated
YLR145W,0.6662251,0.003518268,0.0124076,Upregulated
YLR151C,1.311515,3.414353e-7,4.593171e-6,Upregulated
YLR168C,0.7707752,0.01503224,0.0409323,Upregulated
YLR172C,1.086474,9.121867e-8,1.436399e-6,Upregulated
YLR176C,0.6658154,1.801851e-4,0.001018598,Upregulated
YLR192C,0.8134456,1.12421e-4,6.962334e-4,Upregulated
YLR194C,1.048893,0.002973502,0.01087666,Upregulated
YLR204W,1.030929,2.461339e-7,3.408955e-6,Upregulated
YLR216C,1.087628,0.001355267,0.005595525,Upregulated
YLR221C,0.6603243,0.01003964,0.02944252,Upregulated
YLR222C,0.7155369,0.002439937,0.009184051,Upregulated
YLR224W,1.161522,3.019047e-7,4.1159e-6,Upregulated
YLR239C,0.5706535,0.008924817,0.02671308,Upregulated
YLR244C,0.6908959,0.01740979,0.04610832,Upregulated
YLR255C,1.424385,9.460222e-7,1.104203e-5,Upregulated
YLR257W,0.5969337,0.006447887,0.02034874,Upregulated
YLR258W,1.240089,1.85896e-5,1.443121e-4,Upregulated
YLR259C,1.046864,1.560678e-5,1.231965e-4,Upregulated
YLR260W,0.9134,1.078286e-4,6.725769e-4,Upregulated
YLR263W,1.104538,1.55968e-7,2.301377e-6,Upregulated
YLR265C,0.6248972,0.01598206,0.04299986,Upregulated
YLR272C,0.9853031,1.257501e-5,1.02724e-4,Upregulated
YLR276C,0.9874809,2.982704e-4,0.001558885,Upregulated
YLR277C,0.8416396,2.458229e-7,3.408955e-6,Upregulated
YLR285C-A,0.9082847,4.642313e-4,0.002271757,Upregulated
YLR292C,0.7949979,2.812673e-6,2.851703e-5,Upregulated
YLR309C,0.5852043,7.961833e-6,6.931345e-5,Upregulated
YLR321C,0.5383421,0.01219227,0.03450985,Upregulated
YLR323C,1.043742,0.005108131,0.01691791,Upregulated
YLR326W,0.7853429,8.222803e-4,0.003671045,Upregulated
YLR335W,0.5786801,5.127275e-6,4.763051e-5,Upregulated
YLR336C,0.7101536,1.846107e-4,0.001038164,Upregulated
YLR343W,1.148129,6.707336e-5,4.491704e-4,Upregulated
YLR353W,1.062728,2.192263e-6,2.291535e-5,Upregulated
YLR363W-A,1.524946,1.347028e-5,1.091594e-4,Upregulated
YLR368W,0.6115339,5.513635e-4,0.002633236,Upregulated
YLR371W,0.5043071,0.001619722,0.006498083,Upregulated
YLR376C,0.6975345,0.00329764,0.01183414,Upregulated
YLR383W,1.030822,2.842857e-8,5.233017e-7,Upregulated
YLR394W,1.359585,2.282011e-9,5.411118e-8,Upregulated
YLR397C,0.541878,0.01014741,0.02965867,Upregulated
YLR399C,1.207616,3.62454e-14,2.481792e-12,Upregulated
YLR401C,0.7659847,0.004913871,0.01636346,Upregulated
YLR406C-A,1.002973,0.01554378,0.04213691,Upregulated
YLR407W,1.153349,5.40392e-5,3.721072e-4,Upregulated
YLR412C-A,1.186254,1.846949e-4,0.001038164,Upregulated
YLR414C,0.6992623,0.008086692,0.02463357,Upregulated
YLR418C,0.5754524,0.002153034,0.008251944,Upregulated
YLR427W,1.088409,1.247239e-11,5.205941e-10,Upregulated
YLR430W,0.9884742,1.842722e-7,2.661944e-6,Upregulated
YLR433C,0.6110124,0.001374353,0.005662817,Upregulated
YLR438C-A,0.8487285,0.002435617,0.009173454,Upregulated
YLR438W,0.8250355,6.749758e-4,0.003118501,Upregulated
YLR442C,0.6980801,4.671067e-6,4.379305e-5,Upregulated
YLR449W,0.87921,1.347697e-4,8.043944e-4,Upregulated
YLR451W,0.5425938,0.003310848,0.01186144,Upregulated
YLR455W,1.01567,5.122888e-7,6.503933e-6,Upregulated
YLR457C,0.6193036,0.008825199,0.02645389,Upregulated
YML007W,0.5093404,0.00573165,0.0185298,Upregulated
YML009C,1.710097,5.52083e-11,1.956043e-9,Upregulated
YML015C,0.990354,4.367559e-7,5.675033e-6,Upregulated
YML024W,0.7990118,0.008049619,0.02456403,Upregulated
YML048W,1.011894,4.363132e-7,5.675033e-6,Upregulated
YML049C,0.6225527,3.807093e-4,0.001921612,Upregulated
YML065W,0.8050455,1.548182e-5,1.225276e-4,Upregulated
YML071C,0.6814889,1.775266e-4,0.001008245,Upregulated
YML074C,0.5982812,0.001350446,0.005583187,Upregulated
YML081C-A,1.306988,5.986591e-4,0.002825893,Upregulated
YML085C,1.077591,1.410889e-4,8.371915e-4,Upregulated
YML097C,0.9382381,5.362441e-8,9.179414e-7,Upregulated
YML098W,0.5532202,0.005221699,0.01723783,Upregulated
YML102W,0.7096307,0.00823339,0.02497475,Upregulated
YML104C,0.5320297,0.01097708,0.03167346,Upregulated
YML109W,0.861211,9.610841e-6,8.157168e-5,Upregulated
YML114C,0.6089764,1.252958e-4,7.595975e-4,Upregulated
YML117W,0.8372855,2.380093e-6,2.462528e-5,Upregulated
YMR002W,0.9846311,0.008589363,0.02582318,Upregulated
YMR005W,1.333064,2.630599e-11,1.02762e-9,Upregulated
YMR011W,0.8660573,0.01164673,0.03330605,Upregulated
YMR014W,1.173445,4.458104e-6,4.225146e-5,Upregulated
YMR030W,1.059604,1.697715e-7,2.481026e-6,Upregulated
YMR030W-A,0.8098675,0.005573621,0.01810535,Upregulated
YMR035W,1.098321,0.00634383,0.02013505,Upregulated
YMR043W,0.8443839,0.006235422,0.01983229,Upregulated
YMR055C,1.228051,4.834235e-5,3.355333e-4,Upregulated
YMR056C,0.6455867,0.004648874,0.01569542,Upregulated
YMR059W,0.5119082,0.0189684,0.04944116,Upregulated
YMR068W,0.9032801,8.616846e-4,0.003821766,Upregulated
YMR076C,1.728078,2.873484e-9,6.683592e-8,Upregulated
YMR087W,0.6322292,8.222091e-4,0.003671045,Upregulated
YMR089C,0.7655438,4.132055e-7,5.426884e-6,Upregulated
YMR098C,0.9264264,2.266898e-7,3.205216e-6,Upregulated
YMR101C,2.08471,4.6039e-12,2.093744e-10,Upregulated
YMR111C,0.7543431,0.003310548,0.01186144,Upregulated
YMR115W,0.9789153,3.009566e-8,5.507596e-7,Upregulated
YMR117C,0.9816998,5.656117e-4,0.002693188,Upregulated
YMR118C,1.368782,0.00122234,0.005098563,Upregulated
YMR124W,0.7106,4.478111e-5,3.136929e-4,Upregulated
YMR127C,1.74433,3.999506e-8,7.085172e-7,Upregulated
YMR128W,1.01592,4.470446e-5,3.136929e-4,Upregulated
YMR136W,1.473544,2.367184e-6,2.453336e-5,Upregulated
YMR137C,0.5847578,0.01330745,0.0371147,Upregulated
YMR159C,0.7059686,0.003082329,0.01122756,Upregulated
YMR167W,0.5081631,0.01035155,0.03009655,Upregulated
YMR169C,3.05523,9.11287e-10,2.3937e-8,Upregulated
YMR170C,2.245716,3.462962e-7,4.648302e-6,Upregulated
YMR172W,0.6944911,0.004228607,0.01445268,Upregulated
YMR174C,0.966977,0.01536274,0.0417018,Upregulated
YMR175W-A,1.495338,0.00139145,0.005721656,Upregulated
YMR176W,0.6040398,6.285869e-5,4.242092e-4,Upregulated
YMR177W,0.8649624,1.69275e-4,9.676941e-4,Upregulated
YMR183C,0.5869812,0.00117466,0.004923232,Upregulated
YMR184W,0.7936609,4.756783e-4,0.002317173,Upregulated
YMR185W,0.7406413,1.38182e-4,8.223448e-4,Upregulated
YMR186W,0.8929093,2.050375e-8,3.916923e-7,Upregulated
YMR190C,0.8118319,3.135436e-5,2.288305e-4,Upregulated
YMR201C,0.7235278,0.001003968,0.004345297,Upregulated
YMR207C,0.8604498,3.693886e-6,3.611554e-5,Upregulated
YMR213W,0.5772094,0.008868207,0.02655668,Upregulated
YMR216C,0.5017287,0.003571979,0.01254619,Upregulated
YMR224C,1.098308,8.864261e-6,7.586911e-5,Upregulated
YMR225C,0.7212518,0.001662922,0.006649505,Upregulated
YMR227C,0.7404022,6.063518e-5,4.128612e-4,Upregulated
YMR229C,0.7788845,9.582133e-4,0.004176933,Upregulated
YMR230W-A,0.9032603,0.005705978,0.01846364,Upregulated
YMR232W,0.923026,2.552117e-4,0.001369067,Upregulated
YMR233W,0.9881977,7.435517e-6,6.576493e-5,Upregulated
YMR239C,0.5814811,0.0162492,0.0435839,Upregulated
YMR251W-A,1.359727,4.087231e-4,0.002031614,Upregulated
YMR256C,0.9865248,0.01245616,0.03515879,Upregulated
YMR257C,0.5053667,0.01206842,0.0342867,Upregulated
YMR273C,0.7300317,9.30048e-5,5.947233e-4,Upregulated
YMR277W,1.085164,1.143806e-5,9.470587e-5,Upregulated
YMR281W,0.912914,0.008434512,0.02544521,Upregulated
YMR287C,0.8747946,7.228203e-9,1.5137e-7,Upregulated
YMR288W,0.7931554,3.344066e-5,2.426041e-4,Upregulated
YMR290C,0.9186532,1.848388e-4,0.001038164,Upregulated
YMR295C,1.906573,5.409022e-23,9.98866e-21,Upregulated
YNCC0002W,11.43231,1.118873e-4,6.946242e-4,Upregulated
YNCC0005W,1.792645,0.003084494,0.01122874,Upregulated
YNCD0010C,1.806211,7.166962e-8,1.1585e-6,Upregulated
YNCD0026W,2.610945,0.001771427,0.007014343,Upregulated
YNCD0030W,1.007707,7.749443e-4,0.003500749,Upregulated
YNCE0011C,3.686191,8.53995e-9,1.758191e-7,Upregulated
YNCF0012C,1.791647,0.00308705,0.01123133,Upregulated
YNCG0026W,1.504836,7.361573e-5,4.823809e-4,Upregulated
YNCG0034W,1.081793,0.006678369,0.02099999,Upregulated
YNCG0039W,3.678658,0.00106707,0.00458261,Upregulated
YNCG0040C,2.884082,0.001530278,0.006212867,Upregulated
YNCG0044C,3.714198,1.15709e-9,2.925854e-8,Upregulated
YNCG0047C,1.592424,6.829066e-4,0.003150366,Upregulated
YNCG0048W,1.132742,3.494597e-4,0.001790046,Upregulated
YNCH0014W,1.115154,0.001012019,0.004373933,Upregulated
YNCI0001W,1.378508,3.348373e-13,1.943332e-11,Upregulated
YNCI0010C,22.00286,2.332171e-8,4.400077e-7,Upregulated
YNCI0013W,4.521079,2.939588e-13,1.722485e-11,Upregulated
YNCJ0003C,1.595284,5.432073e-6,5.015614e-5,Upregulated
YNCJ0019C,20.42436,1.991763e-10,6.019239e-9,Upregulated
YNCJ0024W,19.61531,1.737671e-7,2.527295e-6,Upregulated
YNCJ0028C,0.8486775,0.009775213,0.02877785,Upregulated
YNCK0004W,16.65031,1.094572e-5,9.112458e-5,Upregulated
YNCK0008W,1.133247,0.006205656,0.01976488,Upregulated
YNCK0009W,3.314388,3.095575e-9,7.0128e-8,Upregulated
YNCM0001W,0.681984,0.009506555,0.02811334,Upregulated
YNCM0005C,1.209105,0.001023942,0.004412943,Upregulated
YNCM0012W,1.52791,4.536899e-6,4.269301e-5,Upregulated
YNCM0013W,1.610113,2.084598e-5,1.587943e-4,Upregulated
YNCM0014W,1.107609,3.125408e-4,0.001625106,Upregulated
YNCM0016W,0.7042288,0.01471602,0.04026917,Upregulated
YNCM0017W,1.097316,6.889462e-5,4.583448e-4,Upregulated
YNCP0003W,1.769592,1.713345e-4,9.776335e-4,Upregulated
YNCP0007C,15.30828,3.436877e-5,2.481555e-4,Upregulated
YNL002C,0.6956363,0.003782156,0.01317055,Upregulated
YNL039W,0.9637205,1.727074e-9,4.226822e-8,Upregulated
YNL050C,0.6077501,0.002105465,0.008084878,Upregulated
YNL054W,0.6471671,8.055973e-4,0.003609787,Upregulated
YNL058C,1.773673,1.213967e-13,7.626718e-12,Upregulated
YNL061W,0.7683383,0.006650388,0.02093361,Upregulated
YNL068C,0.934432,2.115764e-6,2.22685e-5,Upregulated
YNL076W,0.5939289,0.001255137,0.005221029,Upregulated
YNL079C,0.6593157,1.475237e-4,8.644323e-4,Upregulated
YNL082W,0.5995983,0.01008892,0.02951603,Upregulated
YNL087W,0.7018734,1.514227e-5,1.207814e-4,Upregulated
YNL088W,1.102369,2.825502e-11,1.076163e-9,Upregulated
YNL091W,0.6808475,3.312655e-5,2.408988e-4,Upregulated
YNL102W,0.7478911,0.0109455,0.03162724,Upregulated
YNL103W,0.6667402,7.450353e-4,0.003386876,Upregulated
YNL113W,0.9481073,0.001851472,0.00728397,Upregulated
YNL125C,0.9770853,8.16229e-5,5.275687e-4,Upregulated
YNL133C,1.044953,1.548538e-8,2.995807e-7,Upregulated
YNL136W,0.5262739,0.003527934,0.01243362,Upregulated
YNL138W-A,0.7559084,0.01392632,0.03848844,Upregulated
YNL143C,1.379512,9.743592e-4,0.004229163,Upregulated
YNL144C,0.7108249,0.01472886,0.04027013,Upregulated
YNL149C,0.6489518,0.005439941,0.01775715,Upregulated
YNL151C,0.9152124,1.899951e-4,0.00106223,Upregulated
YNL157W,0.7492018,1.449829e-4,8.53648e-4,Upregulated
YNL165W,0.6499293,0.01203409,0.03422106,Upregulated
YNL175C,0.7653405,0.007147718,0.02225764,Upregulated
YNL177C,0.5032682,5.816988e-4,0.002759173,Upregulated
YNL181W,0.6559551,8.578582e-4,0.003810341,Upregulated
YNL185C,0.7461035,0.003990249,0.01375372,Upregulated
YNL186W,0.9599933,3.029436e-6,3.026456e-5,Upregulated
YNL195C,0.9036604,0.009507974,0.02811334,Upregulated
YNL199C,0.608316,0.002765549,0.01022029,Upregulated
YNL202W,0.8858535,0.01432486,0.03942895,Upregulated
YNL204C,0.8916396,0.004325361,0.01472556,Upregulated
YNL206C,0.5234359,0.01564822,0.04233279,Upregulated
YNL225C,0.7301542,2.701068e-4,0.001435075,Upregulated
YNL227C,1.495101,5.530947e-16,5.030685e-14,Upregulated
YNL230C,0.7878126,1.119332e-4,6.946242e-4,Upregulated
YNL232W,1.345084,7.493755e-9,1.563936e-7,Upregulated
YNL233W,0.6240745,0.0026192,0.009750399,Upregulated
YNL243W,0.5473538,0.004901052,0.01634757,Upregulated
YNL245C,1.257253,1.22531e-8,2.44821e-7,Upregulated
YNL252C,0.787094,6.795903e-5,4.53606e-4,Upregulated
YNL254C,0.6002215,8.824348e-4,0.003893959,Upregulated
YNL262W,0.9941141,7.900263e-6,6.887583e-5,Upregulated
YNL269W,1.468409,0.002112417,0.008106465,Upregulated
YNL270C,1.2913,3.808835e-4,0.001921612,Upregulated
YNL273W,0.7577195,5.227436e-5,3.603619e-4,Upregulated
YNL299W,1.146886,3.922418e-5,2.792431e-4,Upregulated
YNL304W,0.9719904,2.965252e-4,0.001551094,Upregulated
YNL306W,0.8691925,3.703329e-4,0.001879222,Upregulated
YNL308C,0.6928265,0.01464331,0.04012788,Upregulated
YNL312W,0.9911182,7.633894e-4,0.003453671,Upregulated
YNR012W,0.5865778,0.00703011,0.02193625,Upregulated
YNR022C,1.777875,4.059528e-28,1.1244890000000001e-25,Upregulated
YNR024W,0.7156745,2.692508e-4,0.001432082,Upregulated
YNR028W,0.8596243,5.705545e-4,0.002712137,Upregulated
YNR038W,2.165443,1.713857e-15,1.45059e-13,Upregulated
YNR039C,1.027085,3.73214e-6,3.638986e-5,Upregulated
YNR051C,0.6884297,6.415202e-4,0.003000325,Upregulated
YNR054C,0.6144188,0.01436507,0.03946832,Upregulated
YNR063W,0.5938771,0.01081031,0.03128111,Upregulated
YOL006C,0.644928,0.002198585,0.008400112,Upregulated
YOL010W,0.6973828,0.01136288,0.0326014,Upregulated
YOL012C,0.6160272,0.004635367,0.01565849,Upregulated
YOL022C,1.037032,5.415125e-8,9.238824e-7,Upregulated
YOL027C,1.221302,3.260315e-11,1.226442e-9,Upregulated
YOL029C,1.10854,2.450418e-4,0.001322661,Upregulated
YOL034W,0.7730876,1.313144e-5,1.066973e-4,Upregulated
YOL036W,0.6949451,1.393405e-4,8.284303e-4,Upregulated
YOL041C,0.5826356,0.01019538,0.02974181,Upregulated
YOL045W,0.5874661,0.00172045,0.006848088,Upregulated
YOL051W,0.6028434,0.002713135,0.01006933,Upregulated
YOL052C-A,2.919658,5.769473e-6,5.275996e-5,Upregulated
YOL054W,0.8295985,3.705522e-4,0.001879222,Upregulated
YOL058W,1.461299,1.663362e-4,9.553752e-4,Upregulated
YOL070C,1.199752,3.979772e-10,1.112511e-8,Upregulated
YOL071W,1.371237,2.643379e-7,3.652778e-6,Upregulated
YOL077C,0.7258944,0.005395113,0.01764778,Upregulated
YOL077W-A,1.195396,3.868164e-6,3.741681e-5,Upregulated
YOL078W,0.6181891,5.605912e-6,5.160488e-5,Upregulated
YOL083W,0.94323,6.462323e-4,0.003015666,Upregulated
YOL089C,0.5443018,0.00278372,0.01027404,Upregulated
YOL091W,1.162985,9.820753e-5,6.201831e-4,Upregulated
YOL100W,1.043628,3.70657e-7,4.9426340000000004e-06,Upregulated
YOL112W,1.023636,2.642921e-8,4.92537e-7,Upregulated
YOL115W,0.750317,7.994048e-7,9.589711e-6,Upregulated
YOL125W,0.7643607,0.001493638,0.00608845,Upregulated
YOL132W,0.8589153,0.006304288,0.02003041,Upregulated
YOL135C,0.7536681,8.715052e-4,0.003856901,Upregulated
YOL138C,0.6122334,9.375758e-4,0.004098699,Upregulated
YOL140W,1.000893,0.00134364,0.005562597,Upregulated
YOL144W,0.7957969,0.001135237,0.00480426,Upregulated
YOL148C,0.6905261,6.612245e-6,5.934466e-5,Upregulated
YOR003W,1.3186,1.285285e-6,1.437161e-5,Upregulated
YOR004W,1.178361,6.544426e-6,5.882261e-5,Upregulated
YOR016C,0.7444587,0.01156832,0.03314404,Upregulated
YOR017W,1.532347,2.892393e-24,5.875414e-22,Upregulated
YOR020C,1.590564,2.817074e-6,2.851703e-5,Upregulated
YOR027W,1.067395,1.242136e-7,1.91151e-6,Upregulated
YOR047C,0.7570092,0.001316582,0.005457993,Upregulated
YOR052C,0.915089,1.898904e-4,0.00106223,Upregulated
YOR054C,0.7735381,5.144847e-4,0.002484366,Upregulated
YOR056C,0.734572,3.510752e-4,0.001794842,Upregulated
YOR057W,0.5462724,0.001348044,0.005577042,Upregulated
YOR064C,1.589255,6.246424e-12,2.778519e-10,Upregulated
YOR073W,0.9962956,5.773113e-5,3.948524e-4,Upregulated
YOR078W,1.385729,1.343479e-8,2.64102e-7,Upregulated
YOR084W,1.020489,5.6894e-5,3.895641e-4,Upregulated
YOR091W,1.321098,1.166552e-7,1.804306e-6,Upregulated
YOR094W,0.7258591,3.137951e-4,0.001628362,Upregulated
YOR097C,0.6278428,0.004510436,0.0153214,Upregulated
YOR098C,0.7889881,1.999988e-6,2.112292e-5,Upregulated
YOR104W,1.037807,4.541556e-7,5.863611e-6,Upregulated
YOR106W,0.6371161,0.01779176,0.04701778,Upregulated
YOR110W,0.8530783,2.214519e-5,1.664306e-4,Upregulated
YOR119C,1.244447,4.006062e-6,3.844557e-5,Upregulated
YOR123C,0.7204566,1.180383e-4,7.222144e-4,Upregulated
YOR126C,0.9232041,0.002252851,0.008591285,Upregulated
YOR127W,0.9558902,5.980905e-10,1.619895e-8,Upregulated
YOR145C,0.9832718,1.058202e-5,8.845929e-5,Upregulated
YOR158W,0.5250702,0.003380642,0.01202664,Upregulated
YOR159C,0.8078075,0.009522172,0.02814167,Upregulated
YOR174W,0.8761753,4.268164e-4,0.002102683,Upregulated
YOR179C,0.558867,0.007999247,0.02445931,Upregulated
YOR180C,1.429373,4.729616e-5,3.290215e-4,Upregulated
YOR186W,0.8753842,0.01678067,0.04489086,Upregulated
YOR188W,1.217815,3.939573e-10,1.106348e-8,Upregulated
YOR196C,0.6571013,0.002610604,0.009736244,Upregulated
YOR205C,0.6745439,0.001017133,0.004388414,Upregulated
YOR206W,0.6947135,0.007337688,0.0227661,Upregulated
YOR210W,0.664311,0.006167651,0.01968867,Upregulated
YOR216C,0.7344799,1.9058e-4,0.001063548,Upregulated
YOR217W,0.5229679,0.0171542,0.04560981,Upregulated
YOR234C,0.9248106,0.01914256,0.0498045,Upregulated
YOR239W,1.31289,1.676813e-12,8.375817e-11,Upregulated
YOR242C,2.22087,7.177827e-12,3.146883e-10,Upregulated
YOR244W,0.8767464,1.062824e-4,6.656574e-4,Upregulated
YOR245C,1.212502,7.772674e-11,2.661049e-9,Upregulated
YOR252W,1.231231,3.588771e-4,0.001828593,Upregulated
YOR255W,1.014259,0.0139156,0.03847626,Upregulated
YOR260W,0.6450546,0.00145603,0.005955064,Upregulated
YOR262W,0.7676452,3.937619e-4,0.001971722,Upregulated
YOR267C,0.7757485,1.965296e-4,0.001093745,Upregulated
YOR286W,0.769646,0.001658944,0.006637954,Upregulated
YOR290C,0.798976,6.174374e-7,7.710376e-6,Upregulated
YOR294W,0.7949791,0.003412307,0.01211806,Upregulated
YOR298C-A,0.9223166,0.0114265,0.032764,Upregulated
YOR298W,1.25847,1.055837e-5,8.838281e-5,Upregulated
YOR303W,0.8987166,2.914038e-4,0.001529556,Upregulated
YOR304C-A,0.9547425,0.006650368,0.02093361,Upregulated
YOR305W,0.5383539,0.009031761,0.02698017,Upregulated
YOR306C,1.609164,2.339577e-10,6.887626e-9,Upregulated
YOR308C,0.8884024,2.076622e-5,1.583846e-4,Upregulated
YOR310C,1.007577,2.396412e-4,0.00129811,Upregulated
YOR341W,0.5712759,0.01001306,0.02937871,Upregulated
YOR346W,0.5674758,0.01007802,0.02951247,Upregulated
YOR355W,0.96613,1.907218e-5,1.474948e-4,Upregulated
YOR358W,1.0286,0.0013804,0.005680053,Upregulated
YOR372C,0.81833,3.419741e-5,2.472111e-4,Upregulated
YPL013C,0.5591936,0.006579613,0.02073224,Upregulated
YPL029W,0.9949664,1.061005e-4,6.652024e-4,Upregulated
YPL032C,0.5260519,0.01251123,0.03528155,Upregulated
YPL036W,0.889889,0.001375569,0.005663998,Upregulated
YPL055C,0.7302109,7.067455e-4,0.003240713,Upregulated
YPL062W,1.068759,0.01016665,0.02968641,Upregulated
YPL063W,0.8366235,1.283945e-8,2.548652e-7,Upregulated
YPL071C,0.9746012,0.002473901,0.009300403,Upregulated
YPL072W,0.7435934,0.00186464,0.007326317,Upregulated
YPL082C,0.5633835,0.001185798,0.004959606,Upregulated
YPL085W,0.8154219,1.109205e-6,1.270582e-5,Upregulated
YPL092W,0.841948,0.002013267,0.007789744,Upregulated
YPL093W,1.087982,1.790705e-4,0.001014178,Upregulated
YPL104W,0.8230062,2.163892e-4,0.001186582,Upregulated
YPL105C,0.6080453,4.154795e-4,0.002057303,Upregulated
YPL106C,0.9474754,9.270731e-9,1.889493e-7,Upregulated
YPL110C,0.7567108,8.844081e-7,1.048557e-5,Upregulated
YPL116W,1.000279,3.111557e-5,2.27549e-4,Upregulated
YPL118W,0.5492557,3.510383e-4,0.001794842,Upregulated
YPL121C,0.9578746,0.015794,0.04256906,Upregulated
YPL127C,0.690339,0.002190055,0.00837277,Upregulated
YPL138C,0.5846762,0.008685573,0.026061,Upregulated
YPL141C,0.9403437,3.71571e-7,4.944004e-6,Upregulated
YPL145C,0.777441,1.281765e-4,7.710838e-4,Upregulated
YPL147W,0.6884041,0.01531603,0.04162066,Upregulated
YPL156C,0.7169205,0.004760445,0.01599237,Upregulated
YPL158C,1.096808,1.969157e-9,4.780893e-8,Upregulated
YPL159C,0.9828523,4.306993e-5,3.034314e-4,Upregulated
YPL161C,0.7230376,3.183272e-4,0.001648161,Upregulated
YPL164C,0.765885,2.110088e-4,0.001160324,Upregulated
YPL170W,0.6283456,0.004740192,0.01595791,Upregulated
YPL181W,0.659803,0.001428923,0.00585993,Upregulated
YPL183W-A,1.046549,0.003378334,0.01202545,Upregulated
YPL190C,0.5958875,0.008202524,0.02491834,Upregulated
YPL193W,1.169977,2.617745e-8,4.893417e-7,Upregulated
YPL217C,0.848471,2.111584e-4,0.001160324,Upregulated
YPL232W,0.7257001,3.577631e-4,0.001824442,Upregulated
YPL237W,0.7196814,3.058337e-4,0.001595677,Upregulated
YPL239W,0.7245985,0.007115889,0.02218119,Upregulated
YPL240C,0.8293352,9.6028e-4,0.004182949,Upregulated
YPL242C,0.6285234,1.084933e-5,9.04457e-5,Upregulated
YPL256C,1.683412,1.030319e-10,3.357629e-9,Upregulated
YPL260W,0.7314836,1.478167e-6,1.620134e-5,Upregulated
YPR018W,1.1241,6.619893e-5,4.44291e-4,Upregulated
YPR037C,1.015601,0.001743734,0.006920118,Upregulated
YPR049C,0.5979752,0.008377625,0.02531148,Upregulated
YPR057W,0.6957646,1.881056e-4,0.001055539,Upregulated
YPR075C,0.9304478,3.641359e-4,0.001852291,Upregulated
YPR078C,1.109937,0.00336087,0.01197728,Upregulated
YPR100W,1.182794,3.294798e-9,7.40904e-8,Upregulated
YPR104C,0.7241367,5.250011e-4,0.002527138,Upregulated
YPR114W,0.6941129,0.003325959,0.01188762,Upregulated
YPR125W,0.8413438,2.272529e-5,1.703419e-4,Upregulated
YPR129W,0.6834589,1.269742e-4,7.68402e-4,Upregulated
YPR133W-A,1.010127,0.003076632,0.01121351,Upregulated
YPR137W,0.7679739,0.005644013,0.01829501,Upregulated
YPR141C,0.9306557,2.759313e-5,2.025934e-4,Upregulated
YPR143W,0.7613372,2.205887e-4,0.001204713,Upregulated
YPR151C,1.077715,6.943493e-4,0.003195895,Upregulated
YPR154W,1.289941,0.0014236,0.005842034,Upregulated
YPR163C,0.8234883,5.168975e-4,0.002494041,Upregulated
YPR165W,0.5284882,0.00253312,0.009488274,Upregulated
YPR188C,0.8667239,1.054795e-5,8.838281e-5,Upregulated
Q0020,-1.286417,2.885528e-4,0.001519828,Downregulated
Q0050,-0.8726361,3.554783e-4,0.001814309,Downregulated
Q0055,-11.09858,2.885262e-210,1.758279e-206,Downregulated
Q0075,-9.399585,9.459754e-78,1.152955e-74,Downregulated
Q0085,-1.87862,9.262829e-7,1.087624e-5,Downregulated
Q0110,-7.456061,8.91619e-60,7.762179999999999e-57,Downregulated
Q0120,-0.702622,0.003160721,0.01145151,Downregulated
Q0158,-1.764642,1.578751e-10,4.9338e-9,Downregulated
Q0275,-3.543545,3.370641e-10,9.689002e-9,Downregulated
YAL028W,-0.7854077,8.43902e-4,0.003759312,Downregulated
YAL063C,-1.100279,0.002160892,0.008276856,Downregulated
YAL064C-A,-3.699435,2.74889e-5,2.020716e-4,Downregulated
YAL065C,-1.315693,5.388169e-4,0.002585473,Downregulated
YAR028W,-1.228902,0.003438664,0.01218934,Downregulated
YAR061W,-1.111719,0.001478053,0.00603299,Downregulated
YAR071W,-1.114991,0.006395186,0.02022737,Downregulated
YBL001C,-0.9828658,3.071337e-4,0.001601089,Downregulated
YBL003C,-1.32764,1.350856e-6,1.496748e-5,Downregulated
YBL005W,-1.500486,3.028114e-9,6.911358e-8,Downregulated
YBL016W,-1.631573,4.141295e-5,2.931133e-4,Downregulated
YBL017C,-1.150283,2.273293e-10,6.724976e-9,Downregulated
YBL018C,-0.8744551,0.01478582,0.04033339,Downregulated
YBL019W,-0.733966,0.0118258,0.03372317,Downregulated
YBL029W,-1.48373,8.367649e-12,3.616486e-10,Downregulated
YBL037W,-1.471506,4.986955e-11,1.808959e-9,Downregulated
YBL040C,-0.9519664,4.753483e-4,0.002317173,Downregulated
YBL041W,-0.9352028,6.211882e-11,2.163155e-9,Downregulated
YBL045C,-0.7134088,0.004168954,0.01428083,Downregulated
YBL050W,-0.8260569,0.01578318,0.04256906,Downregulated
YBL055C,-0.980358,0.003916262,0.01354467,Downregulated
YBL060W,-0.5078844,0.008132307,0.02474203,Downregulated
YBL071C,-1.015891,0.01433895,0.0394321,Downregulated
YBL076C,-0.5202963,0.005440203,0.01775715,Downregulated
YBL080C,-0.9125969,0.003299344,0.01183414,Downregulated
YBL089W,-1.149517,1.436143e-7,2.15563e-6,Downregulated
YBL091C-A,-0.6549382,0.0180306,0.04754586,Downregulated
YBL098W,-1.139042,5.23784e-4,0.002523273,Downregulated
YBL102W,-0.9334185,0.002803142,0.0103279,Downregulated
YBL105C,-0.7387611,4.5284e-6,4.269301e-5,Downregulated
YBL111C,-1.751734,4.675292e-4,0.002284782,Downregulated
YBR002C,-0.8982522,1.294233e-5,1.053011e-4,Downregulated
YBR003W,-0.9465427,2.068508e-4,0.001141801,Downregulated
YBR004C,-1.065107,1.212674e-4,7.382652e-4,Downregulated
YBR006W,-0.8347675,0.01005155,0.02946328,Downregulated
YBR009C,-0.9882043,0.005540121,0.01802536,Downregulated
YBR013C,-0.8048564,0.008368958,0.02529783,Downregulated
YBR023C,-0.6679958,0.01046821,0.03039222,Downregulated
YBR029C,-0.7619717,0.002260581,0.008615373,Downregulated
YBR033W,-0.8357849,0.001885158,0.007387878,Downregulated
YBR035C,-0.8422384,0.001101791,0.004701902,Downregulated
YBR036C,-0.7852384,4.069592e-4,0.002026152,Downregulated
YBR039W,-1.267051,6.860476e-5,4.569152e-4,Downregulated
YBR041W,-0.7366681,6.943621e-5,4.59597e-4,Downregulated
YBR042C,-0.7309652,0.01614024,0.04331071,Downregulated
YBR043C,-0.6838265,0.002276381,0.008653942,Downregulated
YBR054W,-1.976981,3.159266e-9,7.13058e-8,Downregulated
YBR056W,-0.9715687,9.365029e-5,5.980328e-4,Downregulated
YBR058C-A,-1.231,3.391965e-4,0.001744357,Downregulated
YBR059C,-0.73142,4.062732e-4,0.00202439,Downregulated
YBR067C,-1.355173,1.544718e-4,8.965248e-4,Downregulated
YBR077C,-1.110774,6.176651e-5,4.186931e-4,Downregulated
YBR078W,-1.666183,3.637426e-7,4.861069e-6,Downregulated
YBR085W,-1.473388,5.865334e-4,0.002779421,Downregulated
YBR087W,-0.7262841,0.00723564,0.02249693,Downregulated
YBR093C,-1.909622,1.271518e-4,7.687133e-4,Downregulated
YBR094W,-0.7697627,4.589664e-5,3.211184e-4,Downregulated
YBR095C,-0.6753703,1.759921e-4,0.001000463,Downregulated
YBR096W,-0.9249439,2.47285e-4,0.001332409,Downregulated
YBR097W,-0.9488389,3.211466e-5,2.338193e-4,Downregulated
YBR102C,-0.6384141,0.001481507,0.006043043,Downregulated
YBR104W,-2.752254,1.623639e-13,9.894456e-12,Downregulated
YBR107C,-1.415635,9.08346e-4,0.003990959,Downregulated
YBR110W,-0.6691539,0.003189633,0.01152884,Downregulated
YBR111C,-0.7949711,1.660987e-4,9.553752e-4,Downregulated
YBR115C,-1.263572,2.609287e-10,7.571903e-9,Downregulated
YBR119W,-0.50961,0.005290371,0.0173798,Downregulated
YBR125C,-1.171141,9.692685e-6,8.208493e-5,Downregulated
YBR127C,-1.644535,2.813992e-9,6.570293e-8,Downregulated
YBR128C,-0.7756542,6.225389e-4,0.002918664,Downregulated
YBR130C,-0.8669492,2.174247e-5,1.651806e-4,Downregulated
YBR132C,-1.262904,2.726118e-4,0.001447122,Downregulated
YBR133C,-0.9088505,6.928771e-5,4.59597e-4,Downregulated
YBR139W,-0.8860656,3.982748e-4,0.001989415,Downregulated
YBR145W,-2.077258,6.387281e-8,1.049167e-6,Downregulated
YBR149W,-1.330554,1.949227e-7,2.794962e-6,Downregulated
YBR150C,-0.9987423,5.386654e-7,6.796328e-6,Downregulated
YBR159W,-2.187341,4.411688e-14,2.954376e-12,Downregulated
YBR161W,-0.9443781,6.726379e-5,4.496716e-4,Downregulated
YBR163W,-1.23483,8.852205e-9,1.810246e-7,Downregulated
YBR164C,-1.269869,5.077576e-4,0.002457724,Downregulated
YBR165W,-0.8170634,7.010077e-4,0.003219247,Downregulated
YBR166C,-1.043293,1.007507e-5,8.503808e-5,Downregulated
YBR168W,-0.809999,0.007783707,0.02390822,Downregulated
YBR175W,-0.8926711,0.01327019,0.03702773,Downregulated
YBR176W,-0.8977301,0.001994563,0.007737024,Downregulated
YBR182C,-1.229786,2.844777e-4,0.001504867,Downregulated
YBR192W,-0.9129253,2.256785e-4,0.00122903,Downregulated
YBR194W,-0.9988164,0.001895109,0.007417338,Downregulated
YBR195C,-0.79108560000000006,0.005745284,0.01855419,Downregulated
YBR196C,-0.9167961,0.004130117,0.01417968,Downregulated
YBR199W,-0.8592625,3.37505e-6,3.333477e-5,Downregulated
YBR201W,-1.143225,1.047829e-5,8.795415e-5,Downregulated
YBR202W,-0.8718251,1.279938e-5,1.044169e-4,Downregulated
YBR204C,-1.539219,2.865505e-6,2.891124e-5,Downregulated
YBR205W,-0.6849859,0.001656342,0.006631899,Downregulated
YBR210W,-1.89073,2.3253260000000001e-07,3.242686e-6,Downregulated
YBR211C,-2.053101,2.268601e-18,2.710756e-16,Downregulated
YBR212W,-0.5153561,0.003374707,0.01201956,Downregulated
YBR216C,-0.7607522,0.002957284,0.01082384,Downregulated
YBR218C,-0.9939771,1.077262e-4,6.725769e-4,Downregulated
YBR221C,-1.355702,8.779975e-6,7.52534e-5,Downregulated
YBR223C,-0.8107045,0.001305121,0.005414165,Downregulated
YBR229C,-0.5413652,0.001877766,0.007368387,Downregulated
YBR235W,-1.339199,1.59303e-9,3.949234e-8,Downregulated
YBR238C,-1.681746,3.601607e-9,7.981162e-8,Downregulated
YBR244W,-1.573269,6.22234e-5,4.213215e-4,Downregulated
YBR248C,-1.107646,5.18911e-6,4.813156e-5,Downregulated
YBR254C,-1.418823,0.001565987,0.00631357,Downregulated
YBR255C-A,-0.6967501,2.929605e-4,0.001535083,Downregulated
YBR255W,-0.5383738,0.007339211,0.0227661,Downregulated
YBR256C,-1.247433,6.945993e-5,4.59597e-4,Downregulated
YBR272C,-0.9834281,4.856657e-4,0.002362048,Downregulated
YBR276C,-0.6384182,8.0018e-4,0.003593439,Downregulated
YBR285W,-0.811149,0.01101635,0.03175667,Downregulated
YBR286W,-0.897109,3.681181e-5,2.63919e-4,Downregulated
YBR287W,-0.6294591,0.009691673,0.02857332,Downregulated
YBR288C,-0.6816431,0.001573752,0.006328184,Downregulated
YBR290W,-0.6098251,4.155792e-4,0.002057303,Downregulated
YBR293W,-1.226998,4.788937e-4,0.002330973,Downregulated
YBR295W,-0.7608302,9.589736e-5,6.08115e-4,Downregulated
YBR297W,-1.873192,2.269742e-8,4.295593e-7,Downregulated
YBR298C,-0.7589206,0.004155287,0.01424203,Downregulated
YBR299W,-3.831718,6.93028e-22,1.2421509999999998e-19,Downregulated
YCL008C,-0.7140536,0.01894256,0.04939493,Downregulated
YCL018W,-1.676731,1.618861e-6,1.749174e-5,Downregulated
YCL025C,-1.137194,3.959563e-6,3.81194e-5,Downregulated
YCL030C,-3.307216,2.589399e-15,2.099243e-13,Downregulated
YCL038C,-1.818028,4.029716e-9,8.770389e-8,Downregulated
YCL039W,-0.9839601,1.46671e-5,1.176679e-4,Downregulated
YCL040W,-1.803225,2.140911e-11,8.583364e-10,Downregulated
YCL042W,-1.063189,0.004312538,0.01469833,Downregulated
YCL048W,-0.9189422,0.01604514,0.0431315,Downregulated
YCL057W,-0.8230113,4.296012e-4,0.002114693,Downregulated
YCR003W,-0.5680507,0.008022298,0.0245052,Downregulated
YCR005C,-2.123637,2.726022e-12,1.318443e-10,Downregulated
YCR006C,-1.243933,0.001986827,0.007715949,Downregulated
YCR007C,-0.9222698,0.0031828,0.01151097,Downregulated
YCR011C,-0.6416902,1.325757e-4,7.936309e-4,Downregulated
YCR012W,-1.699168,1.425291e-5,1.147387e-4,Downregulated
YCR015C,-1.647445,6.542371e-7,8.136573e-6,Downregulated
YCR017C,-1.13983,8.945741e-12,3.839109e-10,Downregulated
YCR019W,-1.05665,0.00113472,0.00480426,Downregulated
YCR020C-A,-2.480898,3.474635e-7,4.65372e-6,Downregulated
YCR020W-B,-0.8559271,7.088032e-4,0.003247704,Downregulated
YCR023C,-1.004999,2.80201e-6,2.845909e-5,Downregulated
YCR027C,-0.851513,0.01296408,0.03639018,Downregulated
YCR028C,-1.119093,2.558853e-4,0.001371473,Downregulated
YCR037C,-0.6007894,0.003210244,0.01158273,Downregulated
YCR041W,-1.190104,6.231973e-6,5.643037e-5,Downregulated
YCR044C,-1.083315,2.03936e-4,0.00112878,Downregulated
YCR048W,-1.004921,0.005956138,0.01913374,Downregulated
YCR054C,-0.7418352,0.00533328,0.01749247,Downregulated
YCR061W,-1.41228,2.171398e-6,2.273625e-5,Downregulated
YCR081W,-0.5799272,0.005686484,0.01842288,Downregulated
YCR089W,-0.6194671,0.01695294,0.04523257,Downregulated
YCR093W,-0.6150273,1.345001e-4,8.035719e-4,Downregulated
YCR097W,-1.567214,1.71813e-7,2.504852e-6,Downregulated
YCR102C,-0.9171501,0.01477009,0.04030851,Downregulated
YDL008W,-0.5909389,0.001119417,0.004753817,Downregulated
YDL009C,-1.499964,1.412027e-5,1.138394e-4,Downregulated
YDL021W,-1.161991,1.925043e-4,0.001073304,Downregulated
YDL022W,-0.8497532,0.001544386,0.00625764,Downregulated
YDL028C,-0.9451666,0.003808813,0.01324823,Downregulated
YDL029W,-0.5294781,0.008098856,0.02465256,Downregulated
YDL033C,-1.14662,4.720888e-4,0.00230337,Downregulated
YDL052C,-1.42081,9.714806e-10,2.530001e-8,Downregulated
YDL059C,-0.7178192,0.008043595,0.02455795,Downregulated
YDL066W,-1.072033,2.204405e-5,1.664306e-4,Downregulated
YDL069C,-0.9828985,0.003236551,0.01165694,Downregulated
YDL072C,-0.6448282,0.007634407,0.02352077,Downregulated
YDL078C,-0.9248393,0.001677099,0.006697408,Downregulated
YDL079C,-0.7010829,0.01612196,0.04328073,Downregulated
YDL085C-A,-1.535991,3.568968e-8,6.41572e-7,Downregulated
YDL102W,-0.5922793,0.01901978,0.04955389,Downregulated
YDL104C,-0.8187922,2.151485e-4,0.001181185,Downregulated
YDL119C,-1.841286,6.252482e-11,2.164922e-9,Downregulated
YDL121C,-0.728966,0.002520546,0.009452437,Downregulated
YDL123W,-0.9898965,3.934573e-5,2.797318e-4,Downregulated
YDL125C,-1.196593,1.404583e-7,2.123953e-6,Downregulated
YDL133C-A,-1.633632,1.47111e-5,1.178048e-4,Downregulated
YDL134C,-0.7311873,0.01431254,0.03941284,Downregulated
YDL138W,-1.441167,1.410873e-8,2.755725e-7,Downregulated
YDL141W,-1.194947,7.714575e-6,6.764406e-5,Downregulated
YDL142C,-1.277765,3.369402e-4,0.001734218,Downregulated
YDL146W,-0.8027328,0.00279391,0.01030011,Downregulated
YDL160C,-1.400316,6.917836e-8,1.121205e-6,Downregulated
YDL171C,-0.9148664,4.972427e-8,8.559878e-7,Downregulated
YDL178W,-1.079649,3.294328e-8,5.974891e-7,Downregulated
YDL184C,-1.948994,4.257438e-8,7.476896e-7,Downregulated
YDL185W,-1.425754,8.030191e-11,2.733854e-9,Downregulated
YDL188C,-0.7043552,0.003105803,0.01128507,Downregulated
YDL198C,-0.8038009,0.004146715,0.01422064,Downregulated
YDL205C,-1.036136,1.935457e-6,2.054822e-5,Downregulated
YDL206W,-0.7078755,8.634414e-5,5.562169e-4,Downregulated
YDL212W,-0.5448101,0.002056478,0.007918113,Downregulated
YDL215C,-1.498752,6.096904e-11,2.135318e-9,Downregulated
YDL222C,-1.032134,0.006401777,0.02023466,Downregulated
YDL224C,-0.8202509,0.00479691,0.01609712,Downregulated
YDL238C,-1.108962,5.941426e-4,0.002806748,Downregulated
YDR004W,-0.8341402,0.01376807,0.0381549,Downregulated
YDR005C,-0.5774376,0.01850359,0.04847846,Downregulated
YDR007W,-1.187989,1.615972e-4,9.308388e-4,Downregulated
YDR023W,-0.6132771,0.002056838,0.007918113,Downregulated
YDR031W,-1.027084,0.002649802,0.009852282,Downregulated
YDR034C-D,-2.699285,1.904195e-18,2.320833e-16,Downregulated
YDR037W,-0.8957474,2.834205e-4,0.001501882,Downregulated
YDR038C,-2.765712,1.477903e-6,1.620134e-5,Downregulated
YDR040C,-1.074051,0.0118107,0.03371166,Downregulated
YDR044W,-1.694199,6.04482e-6,5.506297e-5,Downregulated
YDR045C,-0.9303533,0.004524518,0.01535212,Downregulated
YDR046C,-1.177377,2.227175e-15,1.834108e-13,Downregulated
YDR057W,-0.6811697,0.005003245,0.01661568,Downregulated
YDR066C,-1.442486,6.807766e-5,4.539007e-4,Downregulated
YDR067C,-0.575891,0.0151273,0.04117275,Downregulated
YDR069C,-0.6836537,0.01691314,0.04514615,Downregulated
YDR072C,-0.6006489,0.008395421,0.02534012,Downregulated
YDR075W,-1.092859,0.002389131,0.009026266,Downregulated
YDR078C,-1.041119,7.660827e-7,9.262913e-6,Downregulated
YDR089W,-0.7514075,1.127558e-4,6.968904e-4,Downregulated
YDR105C,-0.6288611,0.003425538,0.01215797,Downregulated
YDR106W,-0.7553459,0.001909765,0.007455546,Downregulated
YDR119W-A,-1.309616,1.712771e-5,1.338157e-4,Downregulated
YDR127W,-0.8544303,1.026977e-5,8.656156e-5,Downregulated
YDR128W,-0.5990402,0.009031587,0.02698017,Downregulated
YDR131C,-1.21464,2.43058e-5,1.812969e-4,Downregulated
YDR134C,-0.6978391,0.01406905,0.03883007,Downregulated
YDR135C,-0.6413081,1.903619e-4,0.001063305,Downregulated
YDR142C,-0.9007743,0.001774348,0.007021349,Downregulated
YDR147W,-0.5892484,0.01213404,0.03440895,Downregulated
YDR148C,-0.852517,7.255658e-4,0.00331218,Downregulated
YDR158W,-0.8917507,4.49235e-4,0.002204218,Downregulated
YDR173C,-0.5221359,0.005249987,0.0172844,Downregulated
YDR177W,-1.078603,3.891742e-10,1.097976e-8,Downregulated
YDR188W,-0.8331843,0.001067916,0.004583013,Downregulated
YDR189W,-1.537418,2.263593e-9,5.388412e-8,Downregulated
YDR210W-B,-1.237865,0.00598044,0.01918148,Downregulated
YDR212W,-1.094884,1.616061e-4,9.308388e-4,Downregulated
YDR214W,-0.57876590000000006,0.008471102,0.02551799,Downregulated
YDR228C,-0.6418606,7.84374e-4,0.003535485,Downregulated
YDR233C,-1.400574,1.205922e-9,3.036732e-8,Downregulated
YDR235W,-0.9996152,1.80723e-8,3.474214e-7,Downregulated
YDR236C,-0.8305795,0.01089485,0.03150097,Downregulated
YDR242W,-0.626574,0.01043912,0.03032222,Downregulated
YDR246W-A,-1.593732,8.283356e-4,0.003695371,Downregulated
YDR247W,-0.8771776,0.006957172,0.02173091,Downregulated
YDR249C,-1.996863,9.804491e-13,5.171751e-11,Downregulated
YDR254W,-1.486712,3.388438e-9,7.591597e-8,Downregulated
YDR259C,-0.7474865,2.16639e-4,0.001186582,Downregulated
YDR260C,-1.506204,0.00200438,0.007760288,Downregulated
YDR261W-B,-2.403194,1.537317e-11,6.287522e-10,Downregulated
YDR264C,-0.8686372,7.359402e-7,8.951736e-6,Downregulated
YDR270W,-0.716123,0.00418307,0.01432114,Downregulated
YDR275W,-1.129731,1.273009e-4,7.688521e-4,Downregulated
YDR282C,-1.136959,2.276463e-5,1.704271e-4,Downregulated
YDR284C,-0.6332484,0.01810406,0.04767768,Downregulated
YDR288W,-1.398446,1.46747e-5,1.176679e-4,Downregulated
YDR294C,-0.6677747,0.007947969,0.0243514,Downregulated
YDR297W,-0.5696823,0.0100035,0.02936479,Downregulated
YDR302W,-1.003303,0.004823073,0.01615161,Downregulated
YDR303C,-0.5861757,0.01468424,0.04020025,Downregulated
YDR305C,-0.8664052,1.655395e-5,1.299997e-4,Downregulated
YDR307W,-0.7236445,7.393217e-4,0.003367284,Downregulated
YDR314C,-0.5920607,0.002320813,0.008795421,Downregulated
YDR315C,-0.727798,0.009804759,0.02883697,Downregulated
YDR319C,-1.070777,2.04964e-5,1.565906e-4,Downregulated
YDR320C-A,-1.155629,0.003218036,0.01160397,Downregulated
YDR328C,-1.010657,3.864176e-4,0.001942441,Downregulated
YDR330W,-0.843437,0.006003744,0.01922586,Downregulated
YDR352W,-0.7498703,0.007348846,0.02277918,Downregulated
YDR354W,-0.7572394,0.01344578,0.03744907,Downregulated
YDR357C,-1.650403,4.401764e-7,5.707308e-6,Downregulated
YDR358W,-0.7173182,0.0182624,0.04801168,Downregulated
YDR366C,-0.8602618,0.007037818,0.02194906,Downregulated
YDR370C,-0.9775313,5.917026e-4,0.00280087,Downregulated
YDR371W,-1.876403,6.073522e-10,1.637701e-8,Downregulated
YDR379W,-0.5712656,0.002017709,0.007801979,Downregulated
YDR385W,-1.593835,1.480699e-5,1.184171e-4,Downregulated
YDR408C,-1.235928,2.469613e-4,0.001331842,Downregulated
YDR409W,-1.220095,2.168656e-6,2.273625e-5,Downregulated
YDR424C,-1.082803,8.937742e-5,5.745422e-4,Downregulated
YDR427W,-0.5285675,0.001449225,0.005931215,Downregulated
YDR430C,-0.9207291,1.378481e-7,2.100115e-6,Downregulated
YDR435C,-0.7431799,0.01883923,0.04916757,Downregulated
YDR436W,-0.6008817,0.01206436,0.0342867,Downregulated
YDR437W,-1.068975,0.01284309,0.03613378,Downregulated
YDR438W,-0.5299619,0.01920385,0.04992673,Downregulated
YDR447C,-0.7937082,0.005378698,0.01762247,Downregulated
YDR449C,-2.071942,2.835457e-8,5.233017e-7,Downregulated
YDR456W,-1.202457,3.642903e-9,8.014386e-8,Downregulated
YDR469W,-0.8231641,2.461495e-5,1.833783e-4,Downregulated
YDR475C,-0.7710812,0.001558961,0.006295765,Downregulated
YDR476C,-1.361839,1.18841e-5,9.747201e-5,Downregulated
YDR479C,-0.6591181,0.01212829,0.03440865,Downregulated
YDR481C,-1.155597,8.580277e-7,1.023253e-5,Downregulated
YDR484W,-0.6980658,0.007696665,0.02367667,Downregulated
YDR492W,-0.9917658,0.005939033,0.01910747,Downregulated
YDR497C,-0.7403443,0.009266586,0.02757352,Downregulated
YDR498C,-0.7812189,7.568791e-4,0.003431861,Downregulated
YDR502C,-2.449838,1.319939e-7,2.021033e-6,Downregulated
YDR504C,-1.930539,4.963004e-11,1.808959e-9,Downregulated
YDR513W,-1.392509,7.624687e-4,0.003452068,Downregulated
YDR518W,-0.6515318,1.679743e-4,9.629681e-4,Downregulated
YDR524C,-0.5342165,0.006348481,0.02013932,Downregulated
YDR539W,-0.8087856,1.243177e-4,7.553259e-4,Downregulated
YDR541C,-1.405392,2.189138e-5,1.659279e-4,Downregulated
YEL003W,-2.406842,6.461756000000001e-17,6.674227e-15,Downregulated
YEL013W,-0.7990983,7.713292e-5,5.032634e-4,Downregulated
YEL017C-A,-1.904299,7.464045e-6,6.590343e-5,Downregulated
YEL020W-A,-1.271101,2.20756e-4,0.001204713,Downregulated
YEL024W,-2.625658,1.10318e-5,9.159102e-5,Downregulated
YEL025C,-2.09887,4.201853e-15,3.241277e-13,Downregulated
YEL029C,-0.7840695,0.01489775,0.04062054,Downregulated
YEL031W,-0.5747406,0.002878222,0.01054714,Downregulated
YEL040W,-2.435796,7.316052e-10,1.946901e-8,Downregulated
YEL044W,-0.9270892,8.960572e-4,0.0039455,Downregulated
YEL046C,-2.981028,5.761973e-15,4.28213e-13,Downregulated
YEL047C,-2.221345,1.995219e-10,6.019239e-9,Downregulated
YEL051W,-0.7153548,9.154061e-4,0.004013298,Downregulated
YEL062W,-1.337277,1.303565e-7,2.000989e-6,Downregulated
YEL063C,-1.05437,6.417413e-7,7.997488e-6,Downregulated
YEL065W,-2.217766,4.432557e-9,9.612812e-8,Downregulated
YEL071W,-3.329703,4.3123870000000004e-23,8.212403e-21,Downregulated
YEL072W,-1.881438,3.398293e-10,9.722627e-9,Downregulated
YER001W,-1.238345,1.198987e-6,1.347473e-5,Downregulated
YER009W,-5.443849,2.276849e-42,1.2613739999999999e-39,Downregulated
YER021W,-0.7250294,0.004630018,0.0156491,Downregulated
YER040W,-0.7722328,0.0172539,0.04581492,Downregulated
YER043C,-1.654404,1.843355e-7,2.661944e-6,Downregulated
YER044C,-1.35046,1.601221e-6,1.736271e-5,Downregulated
YER046W,-2.302458,3.712786e-10,1.052359e-8,Downregulated
YER049W,-0.6803854,0.01570079,0.04241161,Downregulated
YER052C,-1.063432,0.001890942,0.007405786,Downregulated
YER055C,-1.45099,1.168555e-5,9.610222e-5,Downregulated
YER061C,-1.356338,7.342621e-5,4.82176e-4,Downregulated
YER065C,-0.8862453,0.006732249,0.02114759,Downregulated
YER066W,-1.318677,3.643799e-6,3.569985e-5,Downregulated
YER070W,-1.069117,0.002302922,0.008734719,Downregulated
YER071C,-1.146978,0.001186594,0.004959606,Downregulated
YER072W,-1.636631,8.676852e-6,7.457931e-5,Downregulated
YER073W,-0.9252606,1.065852e-4,6.66869e-4,Downregulated
YER078C,-1.752379,3.066118e-12,1.471254e-10,Downregulated
YER081W,-0.9840332,1.521184e-7,2.260999e-6,Downregulated
YER086W,-1.463586,2.96529e-7,4.051676e-6,Downregulated
YER091C,-2.91866,5.682713e-8,9.53216e-7,Downregulated
YER094C,-0.6283025,0.01024894,0.02985518,Downregulated
YER106W,-0.9132212,0.003972946,0.01370959,Downregulated
YER113C,-0.8398255,0.003772137,0.01314317,Downregulated
YER119C,-1.022607,4.557255e-7,5.87144e-6,Downregulated
YER133W,-0.688363,0.002080529,0.008004256,Downregulated
YER138W-A,-2.950602,7.499427e-12,3.264393e-10,Downregulated
YER141W,-0.9509172,5.370418e-6,4.96621e-5,Downregulated
YER157W,-0.7451452,0.001134465,0.00480426,Downregulated
YER160C,-1.146931,0.009041828,0.02699701,Downregulated
YER168C,-1.000187,3.892902e-5,2.77466e-4,Downregulated
YER174C,-1.041497,0.0038321,0.01332163,Downregulated
YER181C,-0.8954861,0.007805216,0.02396221,Downregulated
YER185W,-0.8644955,0.009293452,0.02761302,Downregulated
YER188W,-3.451946,1.047551e-9,2.682259e-8,Downregulated
YFL002C,-0.7633615,1.970273e-6,2.088147e-5,Downregulated
YFL002W-A,-1.173523,0.001679176,0.006701309,Downregulated
YFL004W,-0.5933074,3.80917e-4,0.001921612,Downregulated
YFL005W,-1.047515,0.005303292,0.01740348,Downregulated
YFL009W,-1.642937,1.961192e-13,1.171716e-11,Downregulated
YFL010W-A,-3.998099,1.561065e-10,4.903675e-9,Downregulated
YFL017W-A,-1.377781,0.003541982,0.01246958,Downregulated
YFL026W,-0.7244952,0.005188325,0.01714623,Downregulated
YFL037W,-0.8119137,0.005399324,0.01765208,Downregulated
YFL051C,-2.189813,4.712904e-6,4.411742e-5,Downregulated
YFL052W,-1.745038,7.353888e-7,8.951736e-6,Downregulated
YFL054C,-1.04107,0.01287604,0.03620978,Downregulated
YFL062W,-0.7102002,1.209776e-4,7.379752e-4,Downregulated
YFL066C,-0.9776402,0.01851255,0.04848109,Downregulated
YFR015C,-0.9489122,1.601678e-4,9.2443e-4,Downregulated
YFR020W,-1.51713,6.198472e-6,5.621055e-5,Downregulated
YFR022W,-1.041744,1.546713e-5,1.225276e-4,Downregulated
YFR030W,-0.7364026,0.009233574,0.02750215,Downregulated
YFR032C-B,-0.995554,0.003349365,0.01195025,Downregulated
YFR035C,-1.164561,0.005077847,0.01682675,Downregulated
YFR052W,-0.9222467,3.381702e-5,2.447517e-4,Downregulated
YFR055W,-2.74165,2.496699e-10,7.314848e-9,Downregulated
YGL001C,-2.171007,3.451418e-11,1.282496e-9,Downregulated
YGL009C,-0.6613731,0.005230594,0.01724851,Downregulated
YGL028C,-1.055971,0.001432039,0.005864815,Downregulated
YGL054C,-1.255497,4.004656e-4,0.00199872,Downregulated
YGL059W,-0.7732463,0.006929492,0.02166666,Downregulated
YGL063W,-0.760432,0.01709456,0.04551081,Downregulated
YGL064C,-2.281366,1.900407e-18,2.320833e-16,Downregulated
YGL070C,-0.8465042,9.049482e-5,5.805004e-4,Downregulated
YGL077C,-1.575048,2.567502e-9,6.017831e-8,Downregulated
YGL082W,-2.087347,3.626464e-9,8.007127e-8,Downregulated
YGL126W,-0.7812608,0.01445912,0.03969094,Downregulated
YGL139W,-0.9111312,0.00228712,0.008689346,Downregulated
YGL145W,-0.7472931,0.01313604,0.03672064,Downregulated
YGL159W,-0.9973965,9.422199e-4,0.004110156,Downregulated
YGL160W,-0.6943753,0.007428521,0.02296774,Downregulated
YGL161C,-0.9524334,7.671997e-5,5.011056e-4,Downregulated
YGL162W,-1.806112,4.392064e-10,1.216602e-8,Downregulated
YGL167C,-0.8466395,4.038743e-8,7.133941e-7,Downregulated
YGL179C,-0.6012432,0.003856533,0.01337605,Downregulated
YGL184C,-0.8667472,0.006150714,0.01965519,Downregulated
YGL188C-A,-2.75029,6.851497e-7,8.434954e-6,Downregulated
YGL194C-A,-1.171843,0.001415851,0.005814146,Downregulated
YGL234W,-1.089147,0.005386975,0.0176401,Downregulated
YGL253W,-1.41538,1.041308e-5,8.752732e-5,Downregulated
YGL255W,-3.764649,2.18327e-10,6.490169e-9,Downregulated
YGL256W,-3.637693,1.798053e-13,1.084885e-11,Downregulated
YGL262W,-1.305667,8.116171e-5,5.261696e-4,Downregulated
YGL263W,-1.900555,4.723743e-6,4.415106e-5,Downregulated
YGR003W,-1.944028,4.215635e-11,1.556974e-9,Downregulated
YGR006W,-0.7663013,0.009309673,0.02764773,Downregulated
YGR007W,-0.6203874,0.001470113,0.006004605,Downregulated
YGR018C,-0.9625945,0.01537339,0.04171213,Downregulated
YGR025W,-0.9166485,0.004222128,0.01443863,Downregulated
YGR036C,-0.930724,9.686487e-4,0.004207374,Downregulated
YGR050C,-1.05585,0.001244214,0.005182668,Downregulated
YGR065C,-0.7325169,0.00786192,0.02412414,Downregulated
YGR081C,-1.051368,9.387638e-4,0.004100951,Downregulated
YGR096W,-0.9449749,0.001840021,0.007243598,Downregulated
YGR109W-B,-1.145139,0.003428599,0.01216175,Downregulated
YGR117C,-0.9926465,3.236763e-6,3.20729e-5,Downregulated
YGR121C,-1.346022,1.366279e-6,1.51109e-5,Downregulated
YGR122W,-0.9798775,0.004691791,0.01581403,Downregulated
YGR131W,-0.835859,6.679071e-4,0.003097584,Downregulated
YGR132C,-1.196696,8.589667e-4,0.003812486,Downregulated
YGR161C-D,-3.563881,0.001118783,0.004753817,Downregulated
YGR175C,-1.099658,1.165375e-4,7.15186e-4,Downregulated
YGR191W,-1.153184,1.720569e-4,9.808368e-4,Downregulated
YGR197C,-0.5060393,0.01921798,0.04994215,Downregulated
YGR203W,-1.657767,3.655564e-5,2.623911e-4,Downregulated
YGR204W,-0.7303484,0.002734574,0.01013039,Downregulated
YGR205W,-0.8606778,0.004132959,0.01418145,Downregulated
YGR212W,-1.543276,3.880959e-6,3.748109e-5,Downregulated
YGR222W,-1.49238,1.594812e-10,4.958564e-9,Downregulated
YGR227W,-0.7053884,0.005433185,0.01775326,Downregulated
YGR233C,-0.8921473,1.088553e-4,6.775939e-4,Downregulated
YGR240C,-0.6296288,0.004953034,0.01645913,Downregulated
YGR247W,-1.884728,6.029345e-5,4.109936e-4,Downregulated
YGR255C,-0.8496064,0.001689755,0.006739114,Downregulated
YGR286C,-1.027024,0.004836659,0.01617565,Downregulated
YGR287C,-2.192243,3.502316e-9,7.817991e-8,Downregulated
YGR288W,-2.337256,2.8363409999999997e-19,3.841036e-17,Downregulated
YGR289C,-4.520597,4.5116049999999996e-20,6.705785e-18,Downregulated
YGR292W,-4.701156,9.862726e-11,3.266492e-9,Downregulated
YHL003C,-0.8642222,0.001704121,0.006788638,Downregulated
YHL015W,-0.7755686,0.01783505,0.04711176,Downregulated
YHL016C,-0.939948,1.816909e-4,0.001025208,Downregulated
YHL017W,-0.7698018,0.001534026,0.006223937,Downregulated
YHL018W,-1.092906,0.01106843,0.03189174,Downregulated
YHL020C,-0.7883872,0.004290532,0.01463151,Downregulated
YHL035C,-1.171857,2.337478e-11,9.190058e-10,Downregulated
YHL036W,-1.485678,2.333413e-6,2.42659e-5,Downregulated
YHL040C,-0.9101758,0.003755203,0.01309914,Downregulated
YHL042W,-1.663691,0.001148134,0.004825328,Downregulated
YHL043W,-3.070075,5.73291e-13,3.147419e-11,Downregulated
YHL044W,-1.546036,9.974107e-6,8.430265e-5,Downregulated
YHL047C,-0.9912679,3.866395e-4,0.001942441,Downregulated
YHL050C,-0.8297332,0.004860484,0.01623892,Downregulated
YHR001W,-0.7673398,0.003451514,0.012214590000000001,Downregulated
YHR003C,-5.916373,4.796336e-63,4.871478e-60,Downregulated
YHR009C,-0.6212082,0.01725378,0.04581492,Downregulated
YHR017W,-0.6722649,0.014138,0.03898505,Downregulated
YHR018C,-1.787162,8.779887e-8,1.39335e-6,Downregulated
YHR026W,-1.095334,5.446143e-4,0.002609182,Downregulated
YHR029C,-1.040621,0.004944904,0.01644882,Downregulated
YHR039C,-1.910148,1.690968e-7,2.481026e-6,Downregulated
YHR042W,-0.9685729,8.765112e-4,0.003873429,Downregulated
YHR046C,-1.990148,2.273729e-6,2.368564e-5,Downregulated
YHR047C,-0.6539129,0.003735795,0.01305386,Downregulated
YHR056C,-0.982636,2.863077e-6,2.891124e-5,Downregulated
YHR063C,-2.462493,5.455462e-13,3.022326e-11,Downregulated
YHR074W,-1.146893,2.507318e-5,1.858832e-4,Downregulated
YHR094C,-0.9240013,0.01890676,0.04932268,Downregulated
YHR098C,-0.9567892,8.054482e-7,9.624316e-6,Downregulated
YHR101C,-0.9914051,1.159036e-5,9.570686e-5,Downregulated
YHR112C,-2.29708,1.070415e-11,4.529935e-10,Downregulated
YHR120W,-0.7920999,0.008993454,0.02689211,Downregulated
YHR123W,-1.367035,1.211617e-4,7.382652e-4,Downregulated
YHR130C,-0.6280358,0.008365654,0.02529783,Downregulated
YHR133C,-1.106019,0.001569482,0.006317322,Downregulated
YHR136C,-3.796923,5.103997e-12,2.287041e-10,Downregulated
YHR137W,-1.264968,0.001110003,0.004727016,Downregulated
YHR143W,-1.627668,6.616945e-5,4.44291e-4,Downregulated
YHR161C,-0.788608,0.001556423,0.006293858,Downregulated
YHR162W,-1.019823,6.232091e-4,0.002919167,Downregulated
YHR167W,-1.049052,8.182928e-6,7.085509e-5,Downregulated
YHR171W,-1.651147,5.485431e-7,6.906657e-6,Downregulated
YHR175W,-1.036182,0.003177744,0.01149951,Downregulated
YHR177W,-0.8301307,0.01354841,0.03771768,Downregulated
YHR180W,-2.081901,3.572768e-9,7.946149e-8,Downregulated
YHR183W,-1.008085,4.444581e-4,0.002182536,Downregulated
YHR190W,-1.336058,3.093959e-6,3.085857e-5,Downregulated
YHR194W,-0.7901823,5.343721e-4,0.002566165,Downregulated
YHR195W,-0.5953769,0.01746544,0.04623563,Downregulated
YHR204W,-1.58421,1.585582e-6,1.723092e-5,Downregulated
YHR206W,-1.0891980000000001,6.226228e-4,0.002918664,Downregulated
YHR208W,-0.8836921,0.008541029,0.02569079,Downregulated
YHR210C,-1.510436,4.612939e-5,3.223767e-4,Downregulated
YHR211W,-3.042347,5.464026e-11,1.947238e-9,Downregulated
YHR214C-E,-3.794014,1.136909e-10,3.627395e-9,Downregulated
YHR216W,-1.692503,1.265807e-8,2.52086e-7,Downregulated
YIL029C,-1.007471,0.0151521,0.04122182,Downregulated
YIL043C,-1.800607,1.613126e-6,1.746072e-5,Downregulated
YIL048W,-0.5809812,0.002476476,0.009304344,Downregulated
YIL057C,-1.118104,0.005941689,0.01910747,Downregulated
YIL059C,-0.946961,0.006384125,0.02021032,Downregulated
YIL060W,-2.189237,4.486493e-13,2.50832e-11,Downregulated
YIL074C,-1.353792,2.857676e-4,0.00151038,Downregulated
YIL082W-A,-5.620916,6.886896e-7,8.461441e-6,Downregulated
YIL083C,-0.6424779,0.0111062,0.03197033,Downregulated
YIL088C,-1.84202,1.193167e-11,5.014591e-10,Downregulated
YIL108W,-0.6268543,0.007705522,0.02369195,Downregulated
YIL110W,-0.8244634,0.004386641,0.01492585,Downregulated
YIL116W,-1.099491,1.530964e-4,8.902381e-4,Downregulated
YIL162W,-1.611437,5.693643e-8,9.53216e-7,Downregulated
YIL164C,-1.002023,0.005502229,0.01791164,Downregulated
YIL166C,-1.390549,2.0505300000000002e-05,1.565906e-4,Downregulated
YIL169C,-1.038408,0.001817548,0.007164382,Downregulated
YIR005W,-0.9674343,0.003912952,0.0135409,Downregulated
YIR007W,-0.8967108,2.590284e-5,1.913356e-4,Downregulated
YIR032C,-1.159676,0.004750518,0.01597116,Downregulated
YIR043C,-1.626996,1.789444e-5,1.390927e-4,Downregulated
YJL002C,-1.067915,4.004108e-5,2.83733e-4,Downregulated
YJL003W,-1.934081,3.759015e-7,4.979878e-6,Downregulated
YJL004C,-1.44167,1.50668e-4,8.794741e-4,Downregulated
YJL005W,-0.5756113,1.977103e-4,0.001099313,Downregulated
YJL008C,-1.098863,1.802786e-6,1.9274e-5,Downregulated
YJL012C,-1.440312,6.170492e-6,5.611284e-5,Downregulated
YJL039C,-0.6024347,0.005183592,0.01713989,Downregulated
YJL046W,-0.7333849,0.01208931,0.03431406,Downregulated
YJL053W,-1.52394,1.34548e-6,1.496748e-5,Downregulated
YJL056C,-1.311113,5.538438e-6,5.106088e-5,Downregulated
YJL060W,-1.194731,4.14725e-4,0.002056415,Downregulated
YJL062W,-0.5662811,0.0065307,0.02059942,Downregulated
YJL070C,-0.9759299,8.956499e-5,5.751412e-4,Downregulated
YJL078C,-2.038421,4.026386e-10,1.120402e-8,Downregulated
YJL082W,-0.6432931,0.01342555,0.03740983,Downregulated
YJL091C,-0.6975346,2.693086e-4,0.001432082,Downregulated
YJL101C,-2.157032,1.3865969999999999e-27,3.5208020000000002e-25,Downregulated
YJL111W,-0.6164869,0.0187835,0.04910055,Downregulated
YJL113W,-1.83698,1.335115e-4,7.984488e-4,Downregulated
YJL117W,-0.8150145,7.390241e-5,4.837393e-4,Downregulated
YJL118W,-0.923502,0.01588279,0.04277054,Downregulated
YJL126W,-1.469373,2.914544e-5,2.134763e-4,Downregulated
YJL130C,-0.7615912,2.670394e-4,0.001423743,Downregulated
YJL132W,-0.5597916,0.003529728,0.01243362,Downregulated
YJL133C-A,-0.9627656,6.698914e-4,0.003102065,Downregulated
YJL146W,-0.9136344,0.002083172,0.008007482,Downregulated
YJL159W,-1.397567,2.319939e-7,3.242594e-6,Downregulated
YJL161W,-1.392186,9.564543e-5,6.071492e-4,Downregulated
YJL167W,-1.938116,2.124583e-9,5.097325e-8,Downregulated
YJL171C,-0.9023313,0.01162391,0.033272,Downregulated
YJL172W,-0.6301874,0.01100966,0.03175242,Downregulated
YJL194W,-1.317077,3.746759e-4,0.001897984,Downregulated
YJL196C,-1.542531,2.597639e-5,1.916467e-4,Downregulated
YJL199C,-2.820745,3.972807e-9,8.705732e-8,Downregulated
YJL206C,-1.100374,8.63737e-7,1.02805e-5,Downregulated
YJL209W,-0.6181929,0.001999225,0.007745248,Downregulated
YJL212C,-0.7710913,0.001235522,0.005149982,Downregulated
YJL214W,-1.200342,6.579037e-4,0.003055843,Downregulated
YJL216C,-1.2301,0.003037446,0.01108395,Downregulated
YJR001W,-1.007743,6.312302e-6,5.707295e-5,Downregulated
YJR009C,-2.368888,1.118477e-6,1.276404e-5,Downregulated
YJR010W,-1.581729,6.271727e-9,1.33636e-7,Downregulated
YJR011C,-1.256614,1.542374e-5,1.225276e-4,Downregulated
YJR015W,-0.7567448,0.005568238,0.01809752,Downregulated
YJR016C,-1.411305,9.55592e-5,6.071492e-4,Downregulated
YJR030C,-3.376378,6.096884000000001e-32,2.0641340000000001e-29,Downregulated
YJR040W,-0.7095698,0.004806567,0.01612065,Downregulated
YJR042W,-1.005835,1.200653e-6,1.347473e-5,Downregulated
YJR049C,-0.760188,6.551371e-5,4.406629e-4,Downregulated
YJR058C,-0.5764028,0.01714446,0.04560381,Downregulated
YJR062C,-3.223214,1.8174079999999998e-31,5.829097000000001e-29,Downregulated
YJR063W,-0.8573965,0.01831572,0.04811035,Downregulated
YJR065C,-0.6259544,0.003603254,0.01263419,Downregulated
YJR090C,-1.392075,3.720075e-13,2.118704e-11,Downregulated
YJR091C,-0.852031,6.199728e-4,0.00291072,Downregulated
YJR099W,-1.029146,5.483493e-4,0.002622952,Downregulated
YJR103W,-0.9646991,1.393567e-7,2.117804e-6,Downregulated
YJR106W,-0.7357534,2.964868e-4,0.001551094,Downregulated
YJR107C-A,-1.61581,8.330644e-11,2.804803e-9,Downregulated
YJR109C,-1.623539,2.924844e-9,6.765885e-8,Downregulated
YJR110W,-0.6900522,0.003855686,0.01337605,Downregulated
YJR116W,-1.832432,2.023059e-7,2.894019e-6,Downregulated
YJR117W,-0.6057007,0.007984734,0.02443946,Downregulated
YJR118C,-0.9569969,1.167881e-5,9.610222e-5,Downregulated
YJR121W,-1.556498,8.801865e-7,1.045586e-5,Downregulated
YJR124C,-1.780289,2.831288e-7,3.886006e-6,Downregulated
YJR126C,-0.7849643,1.6019e-4,9.2443e-4,Downregulated
YJR135C,-0.9165726,0.001073488,0.004600448,Downregulated
YJR136C,-1.289547,3.114142e-5,2.27549e-4,Downregulated
YJR137C,-1.591528,9.966716e-9,2.024572e-7,Downregulated
YJR142W,-0.7888159,0.003684822,0.01289053,Downregulated
YJR152W,-1.033548,0.008606112,0.02584803,Downregulated
YJR161C,-1.479092,9.571487e-7,1.113142e-5,Downregulated
YKL001C,-1.296768,7.829232e-4,0.003531557,Downregulated
YKL008C,-0.7414878,0.006955289,0.02173091,Downregulated
YKL015W,-0.5833416,0.004615398,0.01562361,Downregulated
YKL022C,-0.7675693,1.15822e-4,0.00071294870000000005,Downregulated
YKL025C,-1.299475,6.371777e-6,5.744025e-5,Downregulated
YKL029C,-0.7260063,0.004906857,0.01635798,Downregulated
YKL033W-A,-0.8459298,0.006673786,0.02099641,Downregulated
YKL039W,-1.026516,2.289057e-7,3.221596e-6,Downregulated
YKL043W,-1.325767,1.153804e-10,3.662125e-9,Downregulated
YKL045W,-0.7210721,0.01310617,0.03667079,Downregulated
YKL047W,-0.8944095,2.412207e-4,0.001305505,Downregulated
YKL051W,-1.036182,5.750051e-6,5.273501e-5,Downregulated
YKL058W,-0.8898268,0.01132692,0.03253,Downregulated
YKL062W,-0.6839186,6.966751e-4,0.00320418,Downregulated
YKL065C,-0.9224064,1.631627e-6,1.759847e-5,Downregulated
YKL068W,-0.901596,5.422504e-4,0.002599901,Downregulated
YKL072W,-0.9034496,1.434286e-5,1.153105e-4,Downregulated
YKL080W,-1.141511,4.298293e-6,4.099186e-5,Downregulated
YKL090W,-0.7276148,0.004522818,0.01535212,Downregulated
YKL094W,-0.7387937,4.848749e-5,3.361579e-4,Downregulated
YKL102C,-2.270035,2.446208e-4,0.00132156,Downregulated
YKL103C,-1.22069,3.69808e-6,3.611554e-5,Downregulated
YKL108W,-6.163086,5.421875000000001e-87,8.260226e-84,Downregulated
YKL120W,-1.206841,0.001574258,0.006328184,Downregulated
YKL128C,-1.080102,0.004834565,0.01617565,Downregulated
YKL130C,-0.9485889,0.003752383,0.01309681,Downregulated
YKL132C,-1.017678,0.006426747,0.02029254,Downregulated
YKL135C,-0.5646577,0.005253899,0.01728794,Downregulated
YKL140W,-0.751798,5.226787e-4,0.00251994,Downregulated
YKL148C,-0.9519139,0.001564975,0.00631357,Downregulated
YKL150W,-1.77136,2.468838e-9,5.831434e-8,Downregulated
YKL151C,-1.166728,2.298617e-4,0.001250694,Downregulated
YKL157W,-0.8261203,0.00113863,0.004808947,Downregulated
YKL159C,-0.9693642,0.01281429,0.03606942,Downregulated
YKL164C,-0.772827,0.01373239,0.03809067,Downregulated
YKL165C,-0.85271,0.001884667,0.007387878,Downregulated
YKL168C,-0.8701418,4.255355e-4,0.002100911,Downregulated
YKL174C,-1.352587,8.928232e-8,1.411824e-6,Downregulated
YKL176C,-0.5033272,0.002303363,0.008734719,Downregulated
YKL182W,-0.7540888,0.007518173,0.0232096,Downregulated
YKL184W,-1.271934,5.219099e-7,6.612305e-6,Downregulated
YKL188C,-0.9314362,4.464155e-5,3.136929e-4,Downregulated
YKL189W,-0.9130668,0.001109791,0.004727016,Downregulated
YKL196C,-0.7052361,0.01290491,0.03625749,Downregulated
YKL198C,-1.114139,7.78546e-6,6.806972e-5,Downregulated
YKL206C,-1.616515,2.660404e-8,4.942835e-7,Downregulated
YKL209C,-0.7885308,0.003393265,0.01205747,Downregulated
YKL210W,-0.7284619,8.459268e-4,0.003765579,Downregulated
YKL211C,-1.039043,1.502412e-4,8.778233e-4,Downregulated
YKL212W,-1.24038,2.783166e-6,2.831488e-5,Downregulated
YKL213C,-1.558607,9.491378e-14,6.025048e-12,Downregulated
YKL219W,-2.954047,1.776534e-16,1.718444e-14,Downregulated
YKL220C,-1.122263,1.288697e-4,7.74489e-4,Downregulated
YKR005C,-1.337403,8.80203e-4,0.003886926,Downregulated
YKR021W,-1.424876,5.478569e-8,9.299833e-7,Downregulated
YKR027W,-1.266172,2.479175e-5,1.8447e-4,Downregulated
YKR032W,-1.040887,0.01358475,0.03780158,Downregulated
YKR038C,-0.8175989,0.002120842,0.008133678,Downregulated
YKR039W,-1.559023,7.20289e-6,6.415107e-5,Downregulated
YKR046C,-1.116798,6.159863e-5,4.181677e-4,Downregulated
YKR051W,-0.6173263,0.01218169,0.03449593,Downregulated
YKR069W,-0.9132766,0.007588177,0.02339016,Downregulated
YKR074W,-1.959167,4.028009e-14,2.727409e-12,Downregulated
YKR080W,-1.096187,0.004917536,0.01636672,Downregulated
YKR093W,-1.482676,8.490082e-11,2.842778e-9,Downregulated
YKR102W,-2.166802,1.478506e-7,2.202938e-6,Downregulated
YLL001W,-0.8873918,6.365997e-6,5.744025e-5,Downregulated
YLL012W,-0.9981965,0.003938651,0.01361437,Downregulated
YLL014W,-1.33888,2.050476e-4,0.001132874,Downregulated
YLL015W,-1.041824,2.724401e-11,1.044182e-9,Downregulated
YLL017W,-1.078474,0.01232638,0.03487325,Downregulated
YLL018C-A,-1.374943,0.002614566,0.009739099,Downregulated
YLL024C,-1.028626,2.874357e-4,0.001516477,Downregulated
YLL031C,-1.13787,2.62184e-6,2.689813e-5,Downregulated
YLL032C,-0.5746437,0.005580227,0.01811001,Downregulated
YLL038C,-0.8977074,0.001653451,0.006624675,Downregulated
YLL051C,-1.135671,3.205646e-6,3.18163e-5,Downregulated
YLL054C,-0.5447082,0.009848545,0.02895178,Downregulated
YLL055W,-1.256987,2.022034e-4,0.001122247,Downregulated
YLL058W,-0.7289239,0.007678065,0.02363138,Downregulated
YLL062C,-1.357231,3.999943e-5,2.83733e-4,Downregulated
YLL066C,-2.360437,2.078555e-15,1.735166e-13,Downregulated
YLR029C,-0.694244,0.006744124,0.02117398,Downregulated
YLR034C,-2.732474,2.646363e-33,1.007933e-30,Downregulated
YLR035C,-0.5804922,0.002083995,0.008007482,Downregulated
YLR036C,-1.103442,1.166133e-5,9.610222e-5,Downregulated
YLR047C,-0.7859623,0.01050217,0.03047631,Downregulated
YLR053C,-1.440789,8.856046e-5,5.698917e-4,Downregulated
YLR054C,-1.025146,0.0092633,0.02757352,Downregulated
YLR058C,-1.767415,1.538833e-4,8.93961e-4,Downregulated
YLR069C,-0.7412198,0.001804973,0.007133273,Downregulated
YLR071C,-0.7302836,2.648756e-6,2.712861e-5,Downregulated
YLR081W,-4.683823,3.1440900000000003e-19,4.165236e-17,Downregulated
YLR089C,-1.752553,1.708899e-14,1.210934e-12,Downregulated
YLR090W,-0.9296762,1.126767e-4,6.968904e-4,Downregulated
YLR092W,-1.94471,6.29559e-8,1.036901e-6,Downregulated
YLR093C,-1.078759,4.396088e-8,7.636964e-7,Downregulated
YLR100W,-1.859536,1.065132e-10,3.434348e-9,Downregulated
YLR113W,-1.026126,2.953615e-6,2.965293e-5,Downregulated
YLR132C,-0.9877328,0.01301103,0.03647159,Downregulated
YLR134W,-1.644383,2.096386e-4,0.001154054,Downregulated
YLR136C,-1.04806,0.008225379,0.02497475,Downregulated
YLR144C,-0.8661619,9.456605e-5,6.021792e-4,Downregulated
YLR148W,-0.8721658,5.663394e-6,5.205539e-5,Downregulated
YLR152C,-1.340984,5.037422e-7,6.408778e-6,Downregulated
YLR153C,-1.860687,1.817314e-10,5.593288e-9,Downregulated
YLR163C,-0.5892374,0.003547444,0.01247439,Downregulated
YLR166C,-1.062457,6.162038e-5,4.181677e-4,Downregulated
YLR173W,-1.083412,1.79492e-4,0.001015621,Downregulated
YLR180W,-1.558452,1.423711e-4,8.424651e-4,Downregulated
YLR188W,-1.00185,0.003487047,0.01231744,Downregulated
YLR199C,-0.89925600000000006,0.005481803,0.01786423,Downregulated
YLR206W,-1.044023,5.689045e-8,9.53216e-7,Downregulated
YLR207W,-0.7737614,1.164934e-4,7.15186e-4,Downregulated
YLR214W,-1.001236,1.051748e-4,6.600775e-4,Downregulated
YLR227W-B,-1.305838,0.00487892,0.0162879,Downregulated
YLR237W,-1.980281,4.581176e-12,2.093744e-10,Downregulated
YLR241W,-0.8868668,7.569601e-7,9.170805e-6,Downregulated
YLR251W,-2.192542,1.58624e-6,1.723092e-5,Downregulated
YLR262C,-0.8694251,0.008305674,0.02514395,Downregulated
YLR262C-A,-1.621881,1.420609e-6,1.568332e-5,Downregulated
YLR266C,-1.247819,4.962509e-6,4.617028e-5,Downregulated
YLR267W,-1.695331,4.578453e-4,0.002242853,Downregulated
YLR274W,-1.198788,7.320691e-5,4.812545e-4,Downregulated
YLR275W,-1.269853,9.988018e-5,6.30093e-4,Downregulated
YLR303W,-1.138521,0.005066457,0.01680729,Downregulated
YLR304C,-1.37506,5.258289e-9,1.12831e-7,Downregulated
YLR306W,-1.043742,0.001729059,0.006877863,Downregulated
YLR347C,-0.7610373,0.006818408,0.02139618,Downregulated
YLR348C,-1.357761,6.073504e-8,1.0057590000000001e-06,Downregulated
YLR351C,-1.197536,3.532227e-6,3.466246e-5,Downregulated
YLR354C,-0.9929775,0.004913538,0.01636346,Downregulated
YLR355C,-1.819451,1.831714e-8,3.510209e-7,Downregulated
YLR358C,-1.09852,0.008768055,0.02629554,Downregulated
YLR359W,-1.345631,0.001143447,0.004808947,Downregulated
YLR361C,-0.7307403,0.001855365,0.007294578,Downregulated
YLR363C,-0.7930873,0.01877869,0.04910055,Downregulated
YLR389C,-1.132615,7.505246e-10,1.984447e-8,Downregulated
YLR393W,-1.199992,7.255924e-4,0.00331218,Downregulated
YLR410W,-0.5950225,1.432698e-4,8.460136e-4,Downregulated
YLR411W,-0.9981847,2.364562e-4,0.001284282,Downregulated
YLR419W,-0.5461698,9.208934e-4,0.004031555,Downregulated
YLR422W,-1.735634,1.6965299999999999e-25,3.6923770000000006e-23,Downregulated
YLR426W,-0.6088966,0.005743944,0.01855419,Downregulated
YLR440C,-1.061799,2.320872e-5,1.735386e-4,Downregulated
YLR446W,-0.8289565,0.005765209,0.01860868,Downregulated
YLR447C,-0.7089536,3.274641e-4,0.001692592,Downregulated
YLR450W,-1.093743,1.056666e-9,2.694277e-8,Downregulated
YLR453C,-0.7741839,1.690691e-5,1.324302e-4,Downregulated
YLR454W,-0.658008,2.661854e-5,1.961468e-4,Downregulated
YLR456W,-1.249198,1.279348e-4,7.703897e-4,Downregulated
YLR459W,-2.692232,3.405052e-13,1.957584e-11,Downregulated
YML001W,-0.9493588,0.001817014,0.007164382,Downregulated
YML002W,-0.6000953,0.001260761,0.005239088,Downregulated
YML003W,-1.158276,5.293329e-4,0.002543971,Downregulated
YML005W,-1.27895,2.685598e-6,2.741379e-5,Downregulated
YML008C,-0.8575567,0.003268594,0.01175845,Downregulated
YML038C,-0.8332477,0.007505503,0.02318223,Downregulated
YML042W,-1.321639,6.194639e-4,0.002910573,Downregulated
YML046W,-0.7507403,0.01579111,0.04256906,Downregulated
YML052W,-1.60835,3.803736e-6,3.691078e-5,Downregulated
YML055W,-0.5025781,0.008492944,0.02557115,Downregulated
YML066C,-1.48261,3.706637e-4,0.001879222,Downregulated
YML070W,-0.7467022,0.00424906,0.01450632,Downregulated
YML075C,-1.242257,1.42848e-4,8.443413e-4,Downregulated
YML083C,-2.129809,2.037432e-9,4.919096e-8,Downregulated
YML086C,-1.353163,8.040526e-6,6.989866e-5,Downregulated
YML087C,-5.162804,1.170813e-35,4.7566209999999995e-33,Downregulated
YML099C,-0.7027762,0.002430427,0.009159569,Downregulated
YML103C,-0.5689067,0.004838893,0.01617565,Downregulated
YML108W,-0.9486452,0.001102911,0.004703387,Downregulated
YML116W,-0.925996,2.204997e-4,0.001204713,Downregulated
YML120C,-1.17059,4.257671e-4,0.002100911,Downregulated
YML121W,-1.286906,7.782102e-5,5.072099e-4,Downregulated
YML123C,-5.910289,3.574823e-38,1.815414e-35,Downregulated
YML126C,-1.44699,7.472804e-6,6.590343e-5,Downregulated
YML127W,-1.529608,2.30697e-7,3.231879e-6,Downregulated
YMR001C-A,-0.6283495,0.01173388,0.03352381,Downregulated
YMR006C,-0.9297117,9.409078e-4,0.004107372,Downregulated
YMR008C,-1.791348,1.768495e-9,4.310885e-8,Downregulated
YMR013C,-1.023267,4.313522e-4,0.002121598,Downregulated
YMR015C,-1.762221,2.501845e-5,1.857034e-4,Downregulated
YMR020W,-0.8596949,0.001143201,0.004808947,Downregulated
YMR024W,-0.7657218,0.001078158,0.004617215,Downregulated
YMR029C,-0.7067396,0.00460045,0.01558374,Downregulated
YMR054W,-1.1257490000000001,1.024455e-8,2.074097e-7,Downregulated
YMR058W,-1.21187,7.744043e-4,0.003500749,Downregulated
YMR062C,-1.010593,7.366233e-4,0.003357504,Downregulated
YMR069W,-3.259597,7.050277e-13,3.836106e-11,Downregulated
YMR074C,-1.201336,3.972331e-4,0.001985839,Downregulated
YMR080C,-0.8046164,1.111852e-8,2.243584e-7,Downregulated
YMR081C,-1.112226,8.007883e-4,0.003593523,Downregulated
YMR088C,-0.9746011,2.876678e-4,0.001516477,Downregulated
YMR092C,-0.7255826,0.001414845,0.005813934,Downregulated
YMR094W,-1.535016,5.072138e-11,1.823588e-9,Downregulated
YMR100W,-0.8048985,3.797756e-5,2.713192e-4,Downregulated
YMR102C,-0.6028917,0.007199974,0.02240891,Downregulated
YMR105C,-0.8490039,0.003770203,0.01314317,Downregulated
YMR105W-A,-1.446947,0.00226619,0.008625961,Downregulated
YMR109W,-0.5225704,5.05367e-4,0.002448098,Downregulated
YMR119W,-1.644384,3.366467e-12,1.602754e-10,Downregulated
YMR120C,-2.205556,2.211813e-5,1.664306e-4,Downregulated
YMR125W,-0.6059593,0.002187239,0.008367252,Downregulated
YMR139W,-0.9569295,2.210317e-5,1.664306e-4,Downregulated
YMR150C,-2.764468,2.953274e-9,6.765885e-8,Downregulated
YMR154C,-1.180895,1.465492e-7,2.188899e-6,Downregulated
YMR164C,-0.7768724,6.233529e-5,4.216107e-4,Downregulated
YMR168C,-0.7621842,0.007762148,0.02385403,Downregulated
YMR171C,-0.731309,9.903148e-4,0.004292303,Downregulated
YMR178W,-1.055597,4.868409e-4,0.002365876,Downregulated
YMR180C,-0.83287,5.581185e-5,3.830151e-4,Downregulated
YMR182C,-2.060155,3.959577e-7,5.2342e-6,Downregulated
YMR187C,-1.471816,9.368103e-6,7.973355e-5,Downregulated
YMR197C,-0.7809484,0.005961688,0.01914148,Downregulated
YMR199W,-0.9807757,0.002891671,0.01059005,Downregulated
YMR203W,-1.732733,9.100271e-6,7.767094e-5,Downregulated
YMR205C,-1.177542,1.14298e-6,1.2995e-5,Downregulated
YMR206W,-1.306641,8.163723e-5,5.275687e-4,Downregulated
YMR208W,-0.6590849,0.003385971,0.01203857,Downregulated
YMR214W,-0.7563504,3.919574e-4,0.0019643,Downregulated
YMR220W,-1.060314,8.485183e-5,5.477617e-4,Downregulated
YMR221C,-1.382056,4.786449e-7,6.13556e-6,Downregulated
YMR237W,-1.090546,2.032792e-5,1.560181e-4,Downregulated
YMR238W,-0.7059392,0.0102371,0.02983495,Downregulated
YMR241W,-1.167485,7.31093e-6,6.485125e-5,Downregulated
YMR251W,-1.466668,4.644912e-4,0.002271757,Downregulated
YMR253C,-1.051832,8.363139e-6,7.208624e-5,Downregulated
YMR258C,-1.425326,1.874907e-7,2.694737e-6,Downregulated
YMR261C,-1.690949,2.719851e-11,1.044182e-9,Downregulated
YMR262W,-1.008445,8.184269e-6,7.085509e-5,Downregulated
YMR263W,-0.7156235,0.007573215,0.02336768,Downregulated
YMR264W,-1.022466,6.17849e-6,5.611284e-5,Downregulated
YMR271C,-1.662251,6.729578e-5,4.496716e-4,Downregulated
YMR272C,-1.523993,5.762203e-7,7.225281e-6,Downregulated
YMR275C,-0.5194113,0.001073164,0.004600448,Downregulated
YMR285C,-0.7420738,6.886257e-6,6.171301e-5,Downregulated
YMR297W,-0.7713682,0.003638089,0.01274167,Downregulated
YMR300C,-2.547659,4.912151e-7,6.262478e-6,Downregulated
YMR303C,-2.508472,1.061125e-10,3.434348e-9,Downregulated
YMR313C,-0.9795957,2.406828e-6,2.485968e-5,Downregulated
YMR315W,-1.007486,8.37805e-6,7.211276e-5,Downregulated
YMR319C,-2.491205,1.4113189999999998e-26,3.1854e-24,Downregulated
YMR320W,-1.341236,1.662679e-4,9.553752e-4,Downregulated
YNCB0003W,-1.126458,0.001140669,0.004808947,Downregulated
YNCB0008W,-0.6529967,0.005233454,0.0172486,Downregulated
YNCB0009C,-4.671686,2.3806329999999997e-30,7.2537889999999995e-28,Downregulated
YNCB0010W,-1.38009,2.037701e-11,8.223677e-10,Downregulated
YNCB0011C,-5.435627,1.7571599999999998e-28,5.099111e-26,Downregulated
YNCB0013W,-1.708158,7.899963e-5,5.132449e-4,Downregulated
YNCB0014W,-0.7172766,0.006911062,0.02163123,Downregulated
YNCC0004C,-1.429156,1.18835e-5,9.747201e-5,Downregulated
YNCC0007C,-3.534629,0.001132604,0.004803123,Downregulated
YNCC0012C,-3.819205,4.834505e-20,7.014636e-18,Downregulated
YNCD0001W,-21.73054,6.452767e-10,1.732298e-8,Downregulated
YNCD0006W,-23.5338,5.157708e-18,6.044437e-16,Downregulated
YNCD0007C,-2.98883,3.174295e-10,9.167846e-9,Downregulated
YNCD0008W,-1.922748,7.346585e-8,1.184394e-6,Downregulated
YNCD0009W,-10.56676,6.516766e-9,1.37893e-7,Downregulated
YNCD0016C,-1.978576,3.975502e-6,3.821247e-5,Downregulated
YNCD0024C,-1.196926,0.00328242,0.01179999,Downregulated
YNCD0032C,-3.33016,1.27442e-27,3.376659e-25,Downregulated
YNCD0033W,-0.6013735,0.01367935,0.03797811,Downregulated
YNCD0034C,-2.282663,2.945698e-9,6.765885e-8,Downregulated
YNCE0024W,-1.270555,6.761715e-8,1.104716e-6,Downregulated
YNCE0028C,-3.892558,1.134226e-14,8.228537e-13,Downregulated
YNCF0003C,-2.351987,2.905136e-11,1.099621e-9,Downregulated
YNCF0011C,-22.82255,6.950954e-9,1.465713e-7,Downregulated
YNCG0002C,-3.706182,0.00105527,0.004535131,Downregulated
YNCG0005W,-25.32855,2.313759e-12,1.137101e-10,Downregulated
YNCG0007C,-3.536499,0.001131713,0.004802689,Downregulated
YNCG0009C,-22.29742,2.372685e-8,4.462698e-7,Downregulated
YNCG0013W,-1.063958,1.071614e-4,6.697864e-4,Downregulated
YNCG0024W,-3.336264,6.116969999999999e-21,9.558158e-19,Downregulated
YNCG0028W,-1.688887,6.888248e-8,1.119386e-6,Downregulated
YNCG0033W,-2.84911,0.001558074,0.006295765,Downregulated
YNCG0036W,-0.9932447,0.01433486,0.0394321,Downregulated
YNCG0042C,-22.61706,1.600691e-9,3.949234e-8,Downregulated
YNCH0004C,-1.730748,2.34267e-6,2.432066e-5,Downregulated
YNCH0008W,-1.234371,0.005779394,0.01864459,Downregulated
YNCH0011W,-0.9152404,0.01572576,0.04245935,Downregulated
YNCI0006W,-10.27939,1.29536e-4,7.766522e-4,Downregulated
YNCI0007C,-24.72902,1.059858e-14,7.781659e-13,Downregulated
YNCJ0008W,-5.354385,1.391658e-21,2.355767e-19,Downregulated
YNCJ0011W,-3.797442,0.00101753,0.004388414,Downregulated
YNCJ0021C,-23.42114,1.597051e-9,3.949234e-8,Downregulated
YNCJ0025W,-0.8823395,0.01383568,0.03829001,Downregulated
YNCK0002C,-1.472656,3.362575e-4,0.001732167,Downregulated
YNCK0003W,-1.69417,7.777109e-6,6.806972e-5,Downregulated
YNCK0014W,-24.06254,6.650305e-10,1.777498e-8,Downregulated
YNCK0020C,-1.391627,1.582496e-8,3.051814e-7,Downregulated
YNCL0001W,-7.098857,3.491519e-4,0.001790046,Downregulated
YNCL0007W,-5.6842,4.947744e-4,0.002398691,Downregulated
YNCL0009C,-4.474511,7.938514e-4,0.003570281,Downregulated
YNCL0041C,-1.104747,0.001465555,0.00599,Downregulated
YNCL0045W,-0.8530425,0.01762323,0.04663308,Downregulated
YNCL0048W,-1.925407,4.239642e-7,5.544288e-6,Downregulated
YNCM0002C,-0.7722867,0.004667685,0.01575021,Downregulated
YNCM0011W,-1.938455,4.4141e-6,4.189957e-5,Downregulated
YNCM0015W,-1.25578,5.510871e-5,3.786161e-4,Downregulated
YNCM0030W,-1.993102,5.826986e-10,1.599534e-8,Downregulated
YNCM0031W,-1.553493,1.152543e-6,1.305501e-5,Downregulated
YNCM0032C,-3.81234,9.65216e-10,2.524475e-8,Downregulated
YNCM0034C,-1.879222,1.198428e-10,3.784052e-9,Downregulated
YNCM0036C,-0.8497537,0.01798525,0.04744681,Downregulated
YNCN0001W,-1.275556,4.757784e-5,3.306036e-4,Downregulated
YNCN0010C,-21.5381,3.04582e-8,5.557254e-7,Downregulated
YNCN0016C,-2.042389,3.328779e-4,0.001717661,Downregulated
YNCN0017W,-5.641978,5.091472e-4,0.002462495,Downregulated
YNCN0018W,-2.629654,1.405725e-11,5.791228e-10,Downregulated
YNCO0007W,-0.8953794,0.01708266,0.04549902,Downregulated
YNCO0016W,-1.347834,0.004742332,0.01595791,Downregulated
YNCO0022C,-1.054993,9.113641e-4,0.003998454,Downregulated
YNCO0024C,-1.57968,8.238831e-6,7.111535e-5,Downregulated
YNCO0026W,-2.361346,1.125525e-10,3.609972e-9,Downregulated
YNCO0027C,-1.011667,0.002564571,0.009582156,Downregulated
YNCP0002W,-0.5513378,0.01847308,0.04843789,Downregulated
YNCP0013C,-1.2536910000000001,6.937549e-5,4.59597e-4,Downregulated
YNCP0025W,-1.368654,6.663482e-8,1.091593e-6,Downregulated
YNCP0026W,-1.298522,8.741047e-9,1.793533e-7,Downregulated
YNL003C,-0.9674848,1.55052e-4,8.981815e-4,Downregulated
YNL005C,-2.453451,2.480581e-32,8.892152e-30,Downregulated
YNL007C,-1.00942,5.736373e-4,0.002724666,Downregulated
YNL008C,-0.6294176,0.004237064,0.01447347,Downregulated
YNL009W,-1.001863,0.001946617,0.00757515,Downregulated
YNL011C,-0.5982914,0.003245717,0.01168305,Downregulated
YNL020C,-1.221139,2.19591e-5,1.662345e-4,Downregulated
YNL026W,-0.9046211,0.00100922,0.004364932,Downregulated
YNL029C,-0.9977081,4.487631e-6,4.246525e-5,Downregulated
YNL030W,-0.8590935,0.01378827,0.03819352,Downregulated
YNL031C,-0.9085298,0.007258984,0.022558,Downregulated
YNL032W,-0.7958789,0.01167511,0.03337153,Downregulated
YNL035C,-0.8081113,0.01018446,0.02972419,Downregulated
YNL038W,-1.103172,1.275859e-4,7.698105e-4,Downregulated
YNL042W-B,-1.032266,0.004005425,0.01379823,Downregulated
YNL045W,-1.900604,2.44896e-19,3.3929930000000004e-17,Downregulated
YNL048W,-0.9109069,0.006549964,0.0206495,Downregulated
YNL052W,-0.9927303,0.01298995,0.03642926,Downregulated
YNL054W-B,-1.254041,0.006191569,0.01975467,Downregulated
YNL066W,-1.483963,1.545195e-5,1.225276e-4,Downregulated
YNL084C,-0.6044686,0.003846629,0.0133569,Downregulated
YNL085W,-1.052586,7.469798e-7,9.067919e-6,Downregulated
YNL090W,-0.8594022,0.003636823,0.01274167,Downregulated
YNL101W,-2.130439,4.088292e-12,1.901836e-10,Downregulated
YNL104C,-0.8769906,0.003957976,0.01366567,Downregulated
YNL111C,-1.807392,1.436396e-4,8.473763e-4,Downregulated
YNL116W,-0.8160427,0.005368479,0.01759845,Downregulated
YNL118C,-0.5985621,6.874714e-4,0.003169025,Downregulated
YNL122C,-1.825258,7.289292e-6,6.475357e-5,Downregulated
YNL126W,-0.5180241,0.01268434,0.03572299,Downregulated
YNL130C,-1.144709,6.958908e-6,6.218121e-5,Downregulated
YNL142W,-1.482838,1.29612e-4,7.766522e-4,Downregulated
YNL158W,-1.086787,0.001566478,0.00631357,Downregulated
YNL159C,-1.102786,4.695507e-5,3.273961e-4,Downregulated
YNL172W,-0.9593707,1.449381e-7,2.170154e-6,Downregulated
YNL184C,-1.511803,2.092345e-4,0.001152871,Downregulated
YNL190W,-1.009058,0.01240025,0.0350172,Downregulated
YNL193W,-6.810369,2.3327599999999995e-93,4.738612e-90,Downregulated
YNL214W,-1.31256,3.938462e-5,2.797318e-4,Downregulated
YNL220W,-1.302718,4.049898e-6,3.880516e-5,Downregulated
YNL221C,-0.6349232,0.001356834,0.005598205,Downregulated
YNL222W,-2.300846,5.783615e-14,3.831016e-12,Downregulated
YNL223W,-0.620332,0.006160209,0.01967522,Downregulated
YNL234W,-1.003006,1.46658e-4,8.609901e-4,Downregulated
YNL238W,-1.435045,5.943476e-9,1.270861e-7,Downregulated
YNL251C,-0.8233966,4.562864e-4,0.002237015,Downregulated
YNL253W,-0.7382132,0.01625934,0.04359191,Downregulated
YNL259C,-2.074894,3.45729e-6,3.409179e-5,Downregulated
YNL260C,-0.8466784,0.01020761,0.02976324,Downregulated
YNL264C,-0.7476287,0.01214617,0.03442603,Downregulated
YNL268W,-0.6502832,2.543379e-4,0.001365581,Downregulated
YNL277W,-2.02949,5.243644e-8,9.001343e-7,Downregulated
YNL278W,-0.8100873,0.00122235,0.005098563,Downregulated
YNL280C,-1.708799,1.273494e-12,6.521575e-11,Downregulated
YNL284C-B,-2.891407,5.396487e-10,1.488063e-8,Downregulated
YNL286W,-1.020699,1.03287e-4,6.502389e-4,Downregulated
YNL287W,-0.9077244,9.698252e-6,8.208493e-5,Downregulated
YNL297C,-0.6007934,5.124045e-5,3.538629e-4,Downregulated
YNL301C,-1.432195,7.6885e-7,9.277964e-6,Downregulated
YNL311C,-1.212968,1.115121e-5,9.245646e-5,Downregulated
YNL316C,-0.8657637,0.002369236,0.008962213,Downregulated
YNL317W,-1.194598,2.176568e-5,1.651806e-4,Downregulated
YNL318C,-3.192557,6.960397e-14,4.560931e-12,Downregulated
YNL326C,-1.072869,3.131612e-4,0.001626943,Downregulated
YNL336W,-2.417439,5.209983e-47,3.174964e-44,Downregulated
YNR003C,-0.7182723,0.009506575,0.02811334,Downregulated
YNR004W,-1.07071,0.007979952,0.0244371,Downregulated
YNR013C,-0.8013079,8.040731e-4,0.003605608,Downregulated
YNR016C,-0.6636012,0.005869807,0.01891624,Downregulated
YNR019W,-0.9333794,7.552807e-4,0.003427163,Downregulated
YNR026C,-0.904955,0.01107941,0.03190828,Downregulated
YNR034W-A,-1.041183,0.01164495,0.03330605,Downregulated
YNR035C,-0.5996969,0.017333,0.04592755,Downregulated
YNR043W,-0.8997305,0.004484562,0.01524201,Downregulated
YNR060W,-1.227914,1.891163e-4,0.001060234,Downregulated
YNR061C,-1.485556,9.381676e-5,5.980328e-4,Downregulated
YNR065C,-0.5565767,0.01788517,0.04720321,Downregulated
YNR066C,-1.100977,2.7593770000000002e-06,2.81198e-5,Downregulated
YNR067C,-1.23105,5.466165e-4,0.002616717,Downregulated
YNR069C,-1.233803,1.687458e-4,9.664818e-4,Downregulated
YNR070W,-2.019192,1.013923e-10,3.32196e-9,Downregulated
YNR074C,-3.207821,9.394954e-12,4.003696e-10,Downregulated
YNR075W,-4.843849,1.735787e-36,7.5556329999999995e-34,Downregulated
YNR077C,-0.650698,0.0169963,0.04528879,Downregulated
YOL001W,-0.7851023,0.003090351,0.01123663,Downregulated
YOL002C,-0.8184187,0.005701005,0.01846011,Downregulated
YOL003C,-0.6445446,0.01297625,0.03640758,Downregulated
YOL013C,-0.6777273,0.004618813,0.01562361,Downregulated
YOL016C,-0.7312964,0.008442766,0.02544521,Downregulated
YOL018C,-1.041214,2.232797e-5,1.675698e-4,Downregulated
YOL026C,-0.7799998,0.005548589,0.01804328,Downregulated
YOL030W,-1.699173,3.224764e-8,5.866182e-7,Downregulated
YOL049W,-2.169076,4.19297e-15,3.241277e-13,Downregulated
YOL055C,-0.5760806,0.0123944,0.0350172,Downregulated
YOL057W,-1.105459,4.120878e-4,0.002045002,Downregulated
YOL060C,-1.454151,2.73095e-7,3.765251e-6,Downregulated
YOL062C,-0.6842004,0.008837503,0.02647775,Downregulated
YOL064C,-1.410668,1.636357e-6,1.76183e-5,Downregulated
YOL076W,-0.9965721,4.178534e-5,2.950636e-4,Downregulated
YOL082W,-0.9890374,9.294751e-5,5.947233e-4,Downregulated
YOL086W-A,-1.192423,3.025833e-4,0.001580071,Downregulated
YOL088C,-0.6799926,0.01380513,0.03822282,Downregulated
YOL096C,-2.538106,3.668089e-12,1.719487e-10,Downregulated
YOL098C,-0.7539966,1.081476e-4,6.738771e-4,Downregulated
YOL105C,-2.408456,1.028602e-15,8.954712e-14,Downregulated
YOL107W,-1.047766,2.890028e-6,2.911047e-5,Downregulated
YOL113W,-0.6629294,4.904395e-4,0.002381465,Downregulated
YOL117W,-0.8953189,4.249188e-4,0.002100126,Downregulated
YOL119C,-1.610696,4.671316e-8,8.087216e-7,Downregulated
YOL122C,-1.294321,1.047241e-6,1.206315e-5,Downregulated
YOL126C,-1.266122,1.386561e-5,1.122139e-4,Downregulated
YOL129W,-0.7488805,0.009799358,0.028835,Downregulated
YOL136C,-1.059386,7.52618e-4,0.003417626,Downregulated
YOL153C,-2.143781,2.94094e-9,6.765885e-8,Downregulated
YOL154W,-5.791251,2.342471e-12,1.142001e-10,Downregulated
YOL155C,-2.982617,3.90989e-15,3.094399e-13,Downregulated
YOL158C,-2.978783,1.84467e-23,3.626264e-21,Downregulated
YOL159C,-1.346639,3.358658e-5,2.433729e-4,Downregulated
YOL159C-A,-2.866832,1.043406e-12,5.388574e-11,Downregulated
YOR002W,-1.099322,1.206396e-7,1.86121e-6,Downregulated
YOR008C,-0.7067995,0.01335027,0.0372171,Downregulated
YOR009W,-2.724058,9.100443e-11,3.030497e-9,Downregulated
YOR011W,-0.9984671,2.920072e-4,0.001531404,Downregulated
YOR012W,-2.780521,6.002845e-6,5.476249e-5,Downregulated
YOR015W,-0.9281707,5.839973e-8,9.723714e-7,Downregulated
YOR028C,-0.8897216,0.00619923,0.01975842,Downregulated
YOR034C,-0.9995607,6.943003e-7,8.513212e-6,Downregulated
YOR035C,-0.9269216,2.031809e-4,0.001125622,Downregulated
YOR038C,-0.5461607,0.002561109,0.009575093,Downregulated
YOR043W,-0.6930324,8.185425e-6,7.085509e-5,Downregulated
YOR044W,-1.373727,1.528456e-7,2.266281e-6,Downregulated
YOR049C,-0.7706481,0.002626431,0.009771348,Downregulated
YOR059C,-0.7721095,7.605877e-5,4.973199e-4,Downregulated
YOR060C,-0.7558808,0.003197562,0.01155065,Downregulated
YOR072W-B,-2.464761,2.042224e-9,4.919096e-8,Downregulated
YOR087W,-0.7356318,0.008268814,0.02505726,Downregulated
YOR093C,-0.5710726,0.001366329,0.005633565,Downregulated
YOR107W,-1.126695,0.002811142,0.01035112,Downregulated
YOR108W,-0.7725377,0.005911587,0.01903075,Downregulated
YOR109W,-1.099519,4.351393e-12,2.008893e-10,Downregulated
YOR114W,-1.674298,1.676029e-6,1.801362e-5,Downregulated
YOR118W,-0.6442399,0.001548561,0.006268319,Downregulated
YOR125C,-0.8078878,0.001522533,0.006189669,Downregulated
YOR128C,-1.354101,3.539328e-4,0.001807935,Downregulated
YOR136W,-0.9412828,1.415805e-4,8.392912e-4,Downregulated
YOR147W,-0.7842452,0.002393621,0.009037626,Downregulated
YOR153W,-0.7013818,0.008088576,0.02463357,Downregulated
YOR160W,-0.949392,1.569794e-4,9.084827e-4,Downregulated
YOR161C,-0.7177625,0.008238754,0.02497859,Downregulated
YOR171C,-0.7811497,0.001330593,0.005512328,Downregulated
YOR176W,-1.496836,6.717636e-7,8.286897e-6,Downregulated
YOR184W,-1.358082,1.679528e-4,9.629681e-4,Downregulated
YOR192C-B,-5.059944,4.492225e-56,3.4219529999999997e-53,Downregulated
YOR193W,-0.9591248,1.517498e-4,8.848104e-4,Downregulated
YOR202W,-0.8958926,0.01190084,0.03390542,Downregulated
YOR219C,-2.660472,1.1118619999999999e-20,1.693922e-18,Downregulated
YOR222W,-0.8187902,6.998744e-6,6.24456e-5,Downregulated
YOR227W,-0.6481225,1.894056e-4,0.00106088,Downregulated
YOR241W,-0.6404486,0.003220937,0.01160757,Downregulated
YOR253W,-0.7653714,0.01881588,0.04912768,Downregulated
YOR254C,-0.8134511,1.467075e-4,8.609901e-4,Downregulated
YOR258W,-0.9682104,2.636106e-4,0.00140916,Downregulated
YOR261C,-0.7646638,4.184112e-4,0.002069641,Downregulated
YOR266W,-0.675238,0.01461307,0.04007743,Downregulated
YOR270C,-0.8046025,2.864808e-4,0.001512837,Downregulated
YOR273C,-1.244832,8.527254e-5,5.498951e-4,Downregulated
YOR278W,-0.9613716,0.001139338,0.004808947,Downregulated
YOR285W,-0.7100982,0.01199774,0.03413362,Downregulated
YOR289W,-0.9744342,0.001597842,0.006414525,Downregulated
YOR292C,-1.182146,3.493188e-6,3.439013e-5,Downregulated
YOR296W,-1.251366,3.046943e-9,6.928385e-8,Downregulated
YOR299W,-0.6177464,0.003947838,0.01363839,Downregulated
YOR316C,-1.430456,9.607454e-7,1.115197e-5,Downregulated
YOR317W,-0.6936467,0.007893601,0.02420916,Downregulated
YOR320C,-0.717496,0.004053565,0.01394829,Downregulated
YOR334W,-0.8778573,6.427698e-4,0.003003864,Downregulated
YOR343W-B,-1.082635,0.0114303,0.032764,Downregulated
YOR344C,-2.469969,3.378067e-21,5.417352999999999e-19,Downregulated
YOR347C,-1.050893,4.637879e-5,3.237484e-4,Downregulated
YOR348C,-1.171085,0.0011413249999999999,0.004808947,Downregulated
YOR349W,-0.8145239,7.452907e-4,0.003386876,Downregulated
YOR353C,-1.278522,3.910613e-8,6.947894e-7,Downregulated
YOR357C,-1.590412,1.218484e-5,9.980428e-5,Downregulated
YOR360C,-0.5894629,0.0040759,0.01400933,Downregulated
YOR363C,-0.6751527,0.002989267,0.01092777,Downregulated
YOR375C,-1.491163,3.332848e-5,2.420783e-4,Downregulated
YOR376W-A,-1.392319,8.898248e-4,0.003923728,Downregulated
YOR388C,-1.70821,9.0232e-4,0.003970208,Downregulated
YOR390W,-0.9245978,6.655597e-5,4.461959e-4,Downregulated
YPL002C,-1.366114,3.871302e-4,0.001943304,Downregulated
YPL003W,-1.062286,1.401884e-7,2.123953e-6,Downregulated
YPL014W,-1.529296,2.018012e-5,1.55079e-4,Downregulated
YPL016W,-0.822226,1.5239e-5,1.213941e-4,Downregulated
YPL018W,-2.011843,6.179519e-8,1.020542e-6,Downregulated
YPL019C,-1.375143,1.853558e-10,5.676171e-9,Downregulated
YPL061W,-0.7936211,0.01390247,0.0384574,Downregulated
YPL075W,-0.6882335,0.005969535,0.01915658,Downregulated
YPL081W,-1.282793,2.037415e-5,1.561762e-4,Downregulated
YPL109C,-0.850096,4.255324e-5,3.001383e-4,Downregulated
YPL111W,-0.959603,0.001141335,0.004808947,Downregulated
YPL112C,-1.066199,1.407088e-4,8.357501e-4,Downregulated
YPL113C,-1.465051,1.584866e-5,1.248462e-4,Downregulated
YPL117C,-0.864916,0.005991121,0.01919553,Downregulated
YPL120W,-1.037866,2.260112e-7,3.203051e-6,Downregulated
YPL123C,-0.9701194,0.001669692,0.0066722,Downregulated
YPL125W,-0.9884784,1.810044e-6,1.931771e-5,Downregulated
YPL133C,-0.6633063,0.01303646,0.03650929,Downregulated
YPL137C,-0.5256526,0.001905987,0.007445566,Downregulated
YPL152W,-1.046898,2.648128e-4,0.001413108,Downregulated
YPL162C,-1.363298,6.471683e-4,0.003015666,Downregulated
YPL165C,-1.523504,4.108946e-4,0.002040743,Downregulated
YPL175W,-0.8127257,0.009325865,0.02768233,Downregulated
YPL177C,-1.03343,3.083027e-4,0.001604438,Downregulated
YPL179W,-0.552342,5.91979e-4,0.00280087,Downregulated
YPL184C,-0.7085094,0.005951647,0.0191294,Downregulated
YPL188W,-0.6800066,0.004025449,0.01385937,Downregulated
YPL189W,-0.6186563,0.01573239,0.04245935,Downregulated
YPL192C,-6.693338,1.110338e-49,7.51822e-47,Downregulated
YPL204W,-0.8421605,1.29309e-4,7.763634e-4,Downregulated
YPL215W,-1.121981,8.662414e-4,0.003836392,Downregulated
YPL221W,-0.9889902,4.833603e-6,4.503972e-5,Downregulated
YPL224C,-0.9700296,1.347884e-6,1.496748e-5,Downregulated
YPL225W,-0.6437346,0.001003364,0.004345297,Downregulated
YPL236C,-0.9898367,0.002875012,0.01054171,Downregulated
YPL241C,-1.481526,1.139512e-4,7.035652e-4,Downregulated
YPL250C,-2.243348,1.466772e-6,1.61345e-5,Downregulated
YPL257W,-2.369095,3.520062e-10,1.002395e-8,Downregulated
YPL259C,-0.5477078,0.01909438,0.04972699,Downregulated
YPL264C,-1.213121,1.162069e-4,7.145963e-4,Downregulated
YPL265W,-1.713299,3.131496e-16,2.935898e-14,Downregulated
YPL273W,-0.9162735,0.0011730690000000001,0.004919945,Downregulated
YPL274W,-1.902363,3.563205e-8,6.41572e-7,Downregulated
YPL283C,-1.004174,0.01033204,0.03006852,Downregulated
YPR003C,-1.61073,4.2816789999999996e-19,5.551607e-17,Downregulated
YPR010C-A,-0.9407225,0.00962539,0.02840539,Downregulated
YPR011C,-0.9555538,8.142518e-5,5.273167e-4,Downregulated
YPR013C,-1.804537,4.811689e-16,4.442793e-14,Downregulated
YPR016C,-0.9273501,0.00619698,0.01975842,Downregulated
YPR019W,-0.5964618,0.001153623,0.00484506,Downregulated
YPR028W,-1.423559,4.166915e-7,5.460899e-6,Downregulated
YPR035W,-1.748617,7.678031e-9,1.591494e-7,Downregulated
YPR036W,-0.7298491,0.003787926,0.01318311,Downregulated
YPR042C,-0.9169358,2.363674e-7,3.288637e-6,Downregulated
YPR048W,-0.6958346,0.002339636,0.008861244,Downregulated
YPR051W,-1.704184,7.765115e-7,9.351899e-6,Downregulated
YPR055W,-0.9195608,3.10497e-7,4.214184e-6,Downregulated
YPR056W,-0.9971255,5.264381e-6,4.875553e-5,Downregulated
YPR066W,-1.600755,1.039361e-9,2.672516e-8,Downregulated
YPR070W,-0.7468855,0.004259379,0.0145334,Downregulated
YPR071W,-1.558163,4.627193e-6,4.344856e-5,Downregulated
YPR073C,-0.9874118,0.001261959,0.005239088,Downregulated
YPR074C,-0.8793649,0.005450741,0.01778202,Downregulated
YPR109W,-1.094119,3.074308e-4,0.001601268,Downregulated
YPR118W,-0.9748519,0.001538481,0.00623786,Downregulated
YPR131C,-1.543572,1.348587e-6,1.496748e-5,Downregulated
YPR138C,-1.343897,9.357738e-7,1.096655e-5,Downregulated
YPR145W,-1.947114,1.565463e-17,1.730331e-15,Downregulated
YPR147C,-1.268757,9.811921e-5,6.201831e-4,Downregulated
YPR149W,-0.9459039,2.843252e-4,0.001504867,Downregulated
YPR155C,-1.071553,1.789229e-4,0.001014178,Downregulated
YPR156C,-2.940999,1.859276e-16,1.770379e-14,Downregulated
YPR157W,-1.603309,4.998974e-5,3.45786e-4,Downregulated
YPR158W-B,-1.562459,0.002297195,0.008722183,Downregulated
YPR159W,-1.151341,6.667697e-4,0.003094665,Downregulated
YPR167C,-1.002958,0.001099119,0.004697075,Downregulated
YPR181C,-1.069823,7.034341e-5,4.644342e-4,Downregulated
YPR192W,-1.158007,0.005262121,0.01730565,Downregulated
YPR194C,-3.458101,1.42653e-13,8.781086e-12,Downregulated
YPR196W,-1.529023,2.850938e-8,5.233017e-7,Downregulated
YPR198W,-2.571425,2.841622e-27,6.926739e-25,Downregulated
YPR200C,-1.517869,8.095867e-4,0.003624997,Downregulated
